audit_id,supplier_id,audit_date,audit_score,critical_findings,major_findings,audit_status
1,6,2026-01-21,84.7,0,1,Pass
2,94,2024-01-19,89.11,0,3,Conditional
3,110,2024-12-12,72.04,0,0,Pass
4,72,2025-10-29,90.59,0,1,Pass
5,72,2025-05-15,90.7,0,0,Pass
6,7,2024-02-08,69.5,0,1,Pass
7,54,2024-03-04,82.11,0,1,Conditional
8,87,2025-11-05,93.57,0,1,Conditional
9,60,2024-02-12,73.24,2,2,Conditional
10,73,2026-08-19,79.61,1,1,Pass
11,29,2025-07-22,99.29,1,1,Pass
12,7,2025-06-15,77.12,1,0,Fail
13,112,2025-06-29,84.49,0,1,Pass
14,50,2025-11-12,83.34,1,1,Conditional
15,5,2024-07-29,96.0,0,0,Pass
16,74,2027-01-23,87.09,0,1,Pass
17,77,2026-09-05,83.3,0,1,Pass
18,37,2027-01-04,81.51,1,2,Conditional
19,110,2025-11-30,65.86,0,1,Pass
20,29,2024-08-22,80.52,1,4,Pass
21,64,2025-12-04,73.11,0,1,Pass
22,83,2023-06-07,83.73,0,0,Pass
23,118,2023-12-04,76.14,0,1,Pass
24,41,2026-09-04,78.72,0,4,Pass
25,112,2026-05-10,86.46,0,0,Pass
26,70,2024-10-09,82.61,0,2,Conditional
27,105,2024-04-08,90.85,1,1,Pass
28,72,2024-12-12,64.1,0,1,Pass
29,83,2023-04-24,90.27,0,3,Pass
30,8,2024-06-02,81.44,2,1,Pass
31,93,2023-12-29,89.62,0,2,Pass
32,31,2023-09-26,85.32,0,0,Pass
33,98,2026-12-03,84.46,0,3,Pass
34,103,2024-12-21,98.68,0,0,Pass
35,108,2025-08-08,88.93,0,0,Conditional
36,91,2025-11-17,86.07,0,4,Pass
37,54,2023-12-01,96.26,0,1,Pass
38,24,2023-04-21,78.56,1,0,Pass
39,72,2025-01-26,93.51,0,1,Pass
40,10,2025-06-10,88.18,0,2,Pass
41,46,2027-01-29,92.79,0,0,Conditional
42,85,2026-03-02,88.8,1,1,Pass
43,22,2026-03-08,79.65,2,1,Pass
44,9,2026-03-31,86.13,0,2,Pass
45,50,2024-10-23,76.82,0,1,Pass
46,99,2026-08-26,90.13,0,1,Pass
47,69,2025-04-13,85.32,0,0,Pass
48,37,2025-12-31,99.27,0,1,Pass
49,14,2024-11-09,90.87,0,0,Pass
50,41,2024-05-01,84.08,0,1,Pass
51,110,2024-11-23,99.25,1,3,Pass
52,80,2025-01-19,93.47,0,0,Pass
53,110,2026-03-26,79.26,0,0,Pass
54,18,2023-08-01,100.0,0,0,Pass
55,87,2026-05-08,79.43,1,0,Pass
56,103,2024-05-17,85.64,0,2,Pass
57,62,2023-12-03,90.45,0,1,Pass
58,14,2026-08-18,87.13,0,2,Pass
59,75,2025-10-03,87.21,0,0,Conditional
60,110,2023-10-22,87.84,1,0,Pass
61,114,2026-04-21,91.86,0,0,Pass
62,111,2023-09-22,87.08,0,1,Pass
63,63,2026-07-19,99.2,2,1,Pass
64,2,2024-12-23,98.91,0,1,Pass
65,22,2025-05-14,86.04,0,0,Conditional
66,76,2023-02-11,74.57,0,0,Fail
67,26,2025-07-13,78.02,1,2,Pass
68,55,2026-04-17,76.45,1,0,Conditional
69,87,2023-01-24,86.64,0,1,Pass
70,7,2023-06-28,76.01,0,1,Pass
71,115,2024-01-17,69.79,0,1,Conditional
72,19,2027-01-24,76.89,1,0,Fail
73,98,2023-04-24,84.67,0,2,Conditional
74,28,2025-05-19,74.94,0,1,Pass
75,41,2025-10-20,90.37,0,1,Fail
76,109,2025-04-05,91.46,0,0,Pass
77,111,2025-05-27,78.27,0,1,Fail
78,90,2024-03-12,94.98,0,2,Conditional
79,10,2023-05-15,79.33,0,0,Pass
80,20,2025-05-15,77.37,0,3,Pass
81,74,2024-11-01,87.29,0,0,Pass
82,52,2025-09-18,82.93,0,2,Pass
83,7,2024-11-21,85.98,0,1,Pass
84,17,2024-01-31,97.75,1,0,Pass
85,79,2026-03-29,86.96,1,0,Pass
86,6,2023-05-12,100.0,0,0,Pass
87,12,2023-11-01,85.68,0,2,Fail
88,30,2025-12-02,77.76,0,2,Pass
89,114,2024-10-13,91.57,1,1,Pass
90,7,2024-04-23,80.17,0,2,Pass
91,92,2025-02-04,92.6,1,1,Pass
92,28,2025-01-11,75.9,0,1,Pass
93,38,2024-11-08,96.54,0,1,Conditional
94,99,2025-08-25,97.56,0,1,Pass
95,39,2025-01-26,79.36,0,2,Pass
96,74,2023-06-17,98.32,0,1,Pass
97,110,2025-03-03,84.47,0,1,Pass
98,37,2026-01-17,100.0,1,0,Pass
99,56,2025-03-24,100.0,0,0,Pass
100,48,2023-08-22,86.97,0,1,Pass
101,39,2026-08-07,86.25,0,2,Conditional
102,94,2024-08-21,86.42,1,3,Pass
103,80,2023-10-27,94.78,0,0,Pass
104,92,2023-12-23,85.16,1,4,Pass
105,73,2024-12-10,100.0,0,1,Pass
106,45,2023-04-02,97.19,0,0,Pass
107,13,2026-02-06,100.0,0,1,Conditional
108,60,2025-11-13,95.32,0,0,Pass
109,91,2024-11-29,81.08,0,3,Pass
110,80,2026-07-19,91.52,1,2,Pass
111,20,2026-05-08,72.04,1,1,Pass
112,90,2026-10-26,82.98,0,1,Conditional
113,117,2025-07-01,97.46,0,2,Conditional
114,74,2025-10-21,98.53,0,2,Pass
115,67,2025-06-08,96.15,0,3,Pass
116,110,2024-07-25,87.83,0,1,Conditional
117,27,2025-09-01,86.17,0,1,Conditional
118,23,2023-12-05,83.05,0,0,Pass
119,70,2026-02-26,89.38,0,2,Conditional
120,57,2023-02-06,67.67,0,2,Pass
121,48,2026-09-18,80.1,0,1,Conditional
122,77,2025-08-19,77.16,1,3,Pass
123,31,2025-08-06,77.51,0,1,Fail
124,65,2024-10-19,84.69,1,0,Pass
125,62,2026-10-07,93.94,0,3,Pass
126,38,2023-07-04,90.51,0,0,Pass
127,107,2023-05-17,96.1,0,1,Pass
128,117,2023-08-09,64.56,0,2,Conditional
129,9,2025-02-06,99.31,0,3,Pass
130,14,2024-08-24,81.71,0,3,Pass
131,115,2026-06-03,86.09,1,2,Pass
132,55,2026-05-20,80.14,0,0,Pass
133,2,2025-05-11,82.62,0,2,Pass
134,60,2025-02-09,82.16,0,1,Pass
135,43,2026-08-05,92.93,1,1,Pass
136,106,2025-06-15,78.97,0,1,Conditional
137,69,2024-01-19,95.34,0,2,Pass
138,5,2026-08-18,98.61,0,0,Conditional
139,99,2025-04-12,93.13,0,1,Pass
140,23,2025-08-13,91.59,1,1,Conditional
141,29,2023-05-27,90.51,0,3,Conditional
142,66,2025-08-10,79.87,0,3,Pass
143,75,2023-10-24,84.0,0,0,Conditional
144,111,2026-04-03,77.84,0,1,Pass
145,47,2026-02-06,80.58,0,1,Pass
146,71,2025-03-08,85.05,0,1,Pass
147,70,2024-03-11,78.8,0,1,Pass
148,119,2026-07-07,97.68,0,3,Pass
149,44,2026-01-25,83.74,0,2,Pass
150,52,2025-05-02,81.38,0,0,Conditional
151,80,2024-03-19,94.59,0,0,Pass
152,86,2023-11-02,84.5,0,0,Pass
153,115,2024-08-17,83.94,0,2,Pass
154,27,2024-06-07,93.42,0,0,Pass
155,7,2025-01-11,77.02,0,1,Pass
156,25,2023-12-28,99.64,0,1,Pass
157,45,2025-12-10,81.55,1,2,Pass
158,111,2024-03-06,85.79,0,3,Pass
159,101,2024-12-07,89.82,0,1,Pass
160,61,2026-08-21,100.0,0,1,Pass
161,92,2025-03-17,88.48,1,2,Pass
162,107,2026-10-24,99.91,0,2,Pass
163,99,2024-09-24,82.24,0,0,Conditional
164,15,2026-04-04,100.0,0,0,Conditional
165,29,2026-12-23,72.74,0,1,Pass
166,41,2023-07-05,100.0,0,0,Pass
167,72,2025-08-15,91.24,1,1,Pass
168,87,2026-07-12,85.03,1,1,Pass
169,108,2024-02-18,81.14,0,0,Pass
170,120,2024-01-26,81.21,0,1,Pass
171,61,2023-07-25,88.57,0,2,Pass
172,15,2023-06-22,97.25,0,2,Pass
173,112,2025-07-20,80.06,0,2,Pass
174,1,2024-12-15,73.26,0,0,Pass
175,34,2024-07-26,100.0,0,3,Pass
176,33,2025-08-17,82.11,0,2,Pass
177,44,2024-09-20,87.8,0,1,Pass
178,10,2023-01-25,74.01,0,2,Fail
179,101,2023-04-10,78.61,0,0,Pass
180,24,2024-05-29,64.51,0,3,Pass
181,82,2025-06-06,100.0,0,2,Pass
182,83,2026-02-14,91.16,0,0,Pass
183,99,2023-09-09,84.84,0,1,Pass
184,78,2023-08-23,86.05,2,2,Conditional
185,104,2023-04-30,91.2,2,2,Pass
186,73,2026-03-03,80.38,0,0,Pass
187,90,2026-02-24,77.35,0,0,Conditional
188,46,2025-02-25,91.28,2,0,Pass
189,106,2026-02-11,87.83,1,2,Conditional
190,56,2024-09-18,88.46,1,1,Pass
191,87,2023-02-11,78.16,1,0,Pass
192,105,2025-07-26,88.17,1,0,Pass
193,14,2023-02-08,77.81,0,1,Conditional
194,8,2026-05-07,93.66,0,1,Pass
195,114,2026-04-11,87.09,1,1,Pass
196,50,2025-03-02,86.45,2,0,Pass
197,110,2024-07-22,89.42,0,4,Pass
198,79,2025-12-05,78.3,0,1,Pass
199,118,2026-11-06,89.12,0,0,Pass
200,27,2025-07-22,71.31,0,0,Pass
201,100,2024-11-19,79.48,0,0,Pass
202,4,2025-10-31,91.55,0,1,Pass
203,14,2026-11-11,65.9,1,0,Conditional
204,39,2025-03-31,73.78,0,2,Pass
205,87,2024-01-04,76.73,0,1,Pass
206,13,2023-01-04,90.39,1,0,Pass
207,109,2023-02-24,86.07,0,3,Pass
208,112,2026-02-11,77.68,0,3,Pass
209,14,2023-04-14,80.65,0,3,Pass
210,72,2027-01-03,84.75,0,0,Conditional
211,113,2024-07-06,83.71,0,1,Pass
212,3,2024-04-14,94.36,1,0,Pass
213,79,2024-04-03,83.08,0,1,Pass
214,28,2025-12-05,88.82,1,2,Pass
215,44,2026-11-01,91.27,1,5,Pass
216,43,2024-03-05,81.26,1,2,Pass
217,119,2023-05-14,95.08,0,0,Pass
218,107,2023-02-22,95.07,0,1,Pass
219,119,2025-09-15,85.44,0,0,Pass
220,86,2023-11-13,94.18,1,0,Conditional
221,106,2026-06-24,88.07,0,2,Pass
222,67,2024-01-27,82.98,0,1,Pass
223,48,2025-06-02,73.44,0,2,Fail
224,110,2026-03-28,95.61,0,1,Pass
225,55,2027-02-07,80.3,0,0,Pass
226,90,2023-07-06,75.39,0,1,Conditional
227,47,2024-07-04,86.17,0,1,Conditional
228,97,2025-02-15,77.22,0,1,Conditional
229,19,2026-10-01,92.36,0,0,Pass
230,103,2023-02-08,65.51,0,2,Pass
231,31,2024-05-27,100.0,0,1,Fail
232,22,2024-09-08,87.35,0,0,Conditional
233,118,2024-11-01,82.6,1,2,Pass
234,51,2026-10-11,78.47,2,2,Pass
235,75,2024-06-04,86.89,0,0,Pass
236,60,2024-12-04,86.49,1,0,Pass
237,10,2025-09-25,80.77,1,0,Pass
238,109,2023-03-17,91.02,1,2,Fail
239,106,2026-11-21,78.36,0,0,Pass
240,109,2025-06-04,84.79,0,2,Pass
241,71,2023-08-09,91.0,0,0,Pass
242,25,2023-11-11,74.82,0,2,Conditional
243,106,2024-04-08,85.41,0,1,Pass
244,107,2024-04-02,79.04,0,1,Pass
245,24,2026-04-05,100.0,0,0,Pass
246,94,2025-07-22,80.66,1,2,Fail
247,98,2023-07-29,81.35,0,0,Pass
248,56,2024-04-12,68.16,0,3,Pass
249,1,2024-10-24,77.52,1,1,Pass
250,23,2026-04-06,86.45,0,1,Fail
251,49,2023-09-20,82.88,0,2,Pass
252,80,2024-12-07,89.61,0,2,Conditional
253,91,2025-05-09,89.92,0,2,Pass
254,51,2026-07-12,93.76,0,0,Pass
255,52,2023-01-15,85.53,0,0,Pass
256,105,2025-05-17,92.02,1,0,Pass
257,110,2026-05-11,92.77,1,1,Pass
258,117,2024-06-01,82.97,2,1,Conditional
259,48,2023-12-21,81.74,0,2,Pass
260,21,2025-04-24,92.8,0,2,Pass
261,64,2027-01-26,89.9,0,1,Pass
262,115,2024-01-12,85.9,1,1,Fail
263,87,2025-01-26,87.25,1,0,Pass
264,120,2023-09-17,92.49,0,1,Pass
265,59,2025-07-05,79.25,0,1,Pass
266,42,2025-06-27,77.57,0,1,Conditional
267,6,2026-05-30,91.29,0,4,Pass
268,97,2025-09-13,77.34,0,1,Pass
269,43,2026-12-16,80.18,1,2,Pass
270,95,2024-11-17,85.66,0,1,Conditional
271,120,2023-09-18,81.63,0,2,Pass
272,18,2025-06-01,84.75,0,1,Pass
273,118,2023-03-31,92.51,0,0,Fail
274,19,2026-11-11,95.03,0,1,Pass
275,2,2024-07-18,75.13,1,0,Conditional
276,55,2024-02-26,81.19,1,0,Pass
277,103,2023-12-18,86.29,0,0,Pass
278,76,2024-07-16,77.35,0,2,Conditional
279,77,2024-06-30,78.7,0,2,Pass
280,96,2025-05-23,83.26,0,2,Pass
281,66,2025-04-12,83.56,1,0,Pass
282,26,2023-10-01,79.35,0,0,Pass
283,32,2026-01-09,75.88,1,2,Pass
284,15,2025-06-08,89.44,0,0,Pass
285,10,2025-08-30,98.45,1,0,Pass
286,62,2024-03-25,74.73,0,1,Pass
287,118,2023-09-25,89.31,0,3,Pass
288,98,2023-12-30,88.32,0,3,Conditional
289,112,2024-02-20,83.77,0,2,Pass
290,47,2026-01-22,88.01,0,2,Conditional
291,55,2024-05-29,100.0,0,2,Pass
292,58,2025-01-04,76.22,0,0,Pass
293,22,2025-10-04,83.37,1,3,Pass
294,15,2026-04-17,90.92,0,2,Pass
295,49,2023-10-08,80.51,0,3,Pass
296,48,2023-06-13,68.92,0,0,Pass
297,89,2025-06-02,92.63,1,1,Conditional
298,15,2024-02-14,89.97,0,1,Pass
299,74,2025-01-09,86.03,0,0,Pass
300,53,2025-10-03,93.87,1,3,Conditional
301,82,2027-02-07,86.85,0,0,Pass
302,50,2023-07-23,78.17,1,0,Pass
303,119,2024-09-30,73.87,1,0,Pass
304,17,2025-04-22,78.69,1,1,Pass
305,104,2023-10-14,96.36,0,1,Pass
306,24,2025-06-06,97.46,1,3,Pass
307,64,2025-01-09,80.67,0,1,Pass
308,85,2026-03-29,78.68,0,1,Pass
309,80,2026-01-02,86.09,0,2,Conditional
310,10,2023-06-02,78.24,1,3,Pass
311,116,2023-03-28,64.85,0,1,Conditional
312,110,2023-04-24,93.32,1,0,Fail
313,63,2026-05-14,90.45,1,0,Conditional
314,27,2023-01-01,81.39,0,0,Pass
315,48,2026-05-25,75.13,0,2,Pass
316,52,2026-07-20,99.49,0,0,Pass
317,48,2026-02-06,91.4,0,4,Pass
318,73,2023-07-31,66.92,0,1,Pass
319,97,2025-12-12,88.63,1,2,Pass
320,47,2024-07-31,98.95,0,3,Pass
321,35,2025-03-31,78.99,0,0,Fail
322,29,2026-05-22,77.11,0,1,Pass
323,66,2024-03-29,77.78,0,3,Pass
324,56,2025-03-28,93.6,0,0,Pass
325,30,2023-06-24,75.92,0,0,Pass
326,118,2024-12-14,81.75,0,0,Fail
327,54,2023-11-28,88.76,0,3,Pass
328,6,2025-12-20,86.82,1,0,Pass
329,55,2023-03-29,84.68,0,0,Conditional
330,89,2024-04-11,85.34,0,0,Pass
331,22,2023-01-04,100.0,0,4,Fail
332,66,2024-12-09,95.81,0,1,Pass
333,112,2024-03-10,87.89,0,2,Conditional
334,3,2023-12-26,81.03,1,2,Conditional
335,25,2026-02-03,100.0,1,1,Pass
336,91,2026-02-12,100.0,0,0,Pass
337,112,2024-06-01,91.0,0,3,Pass
338,39,2023-04-08,89.68,0,1,Conditional
339,58,2025-12-01,88.64,0,1,Conditional
340,40,2025-08-26,92.34,1,0,Pass
341,29,2023-03-09,84.68,0,1,Pass
342,63,2024-06-29,83.91,0,2,Pass
343,34,2023-09-08,87.29,0,0,Pass
344,2,2025-01-03,88.48,0,1,Pass
345,31,2025-01-16,92.92,0,0,Conditional
346,68,2026-07-08,95.3,0,1,Fail
347,39,2023-02-10,86.54,0,1,Pass
348,80,2024-01-14,79.6,2,1,Pass
349,106,2025-09-16,77.85,0,0,Pass
350,83,2025-03-19,74.64,0,0,Pass
351,71,2023-01-28,100.0,0,0,Conditional
352,4,2024-07-11,81.59,0,0,Pass
353,102,2026-07-13,99.2,1,0,Pass
354,119,2025-04-04,83.93,0,1,Pass
355,51,2023-02-18,89.53,1,2,Pass
356,103,2024-07-01,100.0,0,1,Pass
357,47,2023-07-02,96.58,0,2,Pass
358,71,2026-02-05,82.24,1,0,Conditional
359,11,2026-03-28,85.05,0,0,Fail
360,24,2024-05-31,93.1,0,2,Conditional
361,43,2024-06-07,93.16,0,1,Conditional
362,113,2025-05-16,76.56,1,0,Pass
363,53,2023-05-08,92.47,0,0,Pass
364,114,2025-02-18,66.47,0,2,Pass
365,94,2023-11-06,91.15,0,1,Fail
366,99,2024-02-08,93.02,1,1,Pass
367,53,2026-07-25,94.84,0,3,Conditional
368,11,2026-01-09,88.18,0,3,Pass
369,7,2026-06-18,95.44,0,2,Pass
370,62,2025-01-17,93.18,0,2,Pass
371,114,2026-01-07,86.18,0,0,Pass
372,110,2025-02-09,89.38,1,0,Conditional
373,53,2026-05-17,81.59,0,1,Pass
374,27,2025-05-31,92.55,0,1,Conditional
375,18,2025-01-09,89.27,0,1,Pass
376,13,2024-06-01,97.68,0,1,Pass
377,72,2026-03-03,80.09,1,2,Pass
378,104,2024-06-19,89.72,0,0,Pass
379,63,2023-05-19,70.69,0,3,Conditional
380,49,2026-04-18,78.65,0,1,Pass
381,43,2023-11-03,88.59,0,1,Conditional
382,79,2023-06-22,100.0,0,2,Pass
383,88,2023-04-28,94.17,2,1,Pass
384,93,2025-05-14,82.63,0,0,Pass
385,4,2023-03-24,89.48,0,1,Pass
386,87,2023-04-22,90.51,1,1,Pass
387,76,2025-05-13,84.15,0,0,Pass
388,96,2024-02-01,75.8,0,0,Pass
389,72,2025-06-19,84.69,0,2,Pass
390,89,2026-09-27,79.07,0,1,Conditional
391,45,2023-01-04,92.23,0,0,Pass
392,90,2023-04-03,85.25,0,1,Pass
393,43,2026-03-08,93.36,0,4,Pass
394,87,2025-05-31,73.5,0,2,Pass
395,64,2026-01-25,95.96,0,0,Pass
396,16,2024-12-10,83.87,0,1,Pass
397,17,2026-03-22,86.75,1,0,Pass
398,6,2026-07-08,100.0,0,1,Fail
399,111,2026-08-08,99.63,0,0,Pass
400,81,2026-05-18,73.71,0,1,Pass
401,30,2026-10-16,75.26,0,3,Pass
402,96,2025-03-01,72.65,0,1,Pass
403,22,2024-01-18,80.04,0,0,Pass
404,86,2024-03-21,98.21,2,3,Fail
405,39,2025-01-30,75.52,0,1,Conditional
406,49,2023-10-14,86.77,1,0,Pass
407,118,2023-08-10,77.94,0,2,Fail
408,20,2027-02-05,81.45,0,0,Pass
409,105,2023-10-29,88.03,0,3,Pass
410,84,2026-01-02,82.09,0,3,Pass
411,41,2023-12-05,73.54,0,1,Pass
412,74,2025-08-01,76.0,0,2,Pass
413,1,2026-03-20,90.04,0,0,Pass
414,30,2023-11-07,76.28,0,3,Pass
415,36,2024-07-21,90.37,0,0,Pass
416,115,2023-04-21,86.66,2,1,Conditional
417,100,2025-11-14,80.5,0,1,Pass
418,109,2024-05-30,100.0,1,1,Pass
419,14,2025-12-04,100.0,0,1,Conditional
420,41,2026-09-11,97.34,0,3,Pass
421,29,2023-11-02,100.0,0,1,Pass
422,12,2025-02-28,85.9,1,2,Pass
423,68,2026-08-26,85.0,1,3,Pass
424,16,2026-07-20,96.08,0,0,Pass
425,101,2025-02-24,87.2,0,3,Fail
426,38,2026-07-30,80.32,0,2,Conditional
427,2,2023-12-22,100.0,0,1,Pass
428,9,2025-06-14,69.15,0,1,Pass
429,58,2025-08-27,100.0,0,1,Pass
430,69,2023-12-18,98.93,0,0,Pass
431,116,2026-10-08,85.44,1,3,Pass
432,26,2025-06-29,99.29,0,1,Pass
433,116,2027-02-04,74.6,0,1,Pass
434,34,2025-02-27,77.99,0,1,Pass
435,70,2025-02-11,85.39,1,1,Pass
436,84,2025-12-16,100.0,0,2,Conditional
437,61,2023-11-25,96.76,0,0,Pass
438,27,2025-05-10,78.29,0,1,Pass
439,109,2025-10-20,94.95,0,1,Pass
440,24,2024-06-18,99.29,0,2,Pass
441,39,2024-12-30,99.45,1,0,Pass
442,115,2025-07-27,99.43,1,2,Pass
443,110,2023-11-01,89.57,0,1,Pass
444,93,2023-11-16,82.66,1,1,Conditional
445,50,2024-12-07,88.83,0,2,Pass
446,50,2023-09-19,92.32,0,0,Conditional
447,43,2025-05-23,100.0,0,1,Pass
448,84,2026-08-12,79.44,1,0,Pass
449,103,2026-10-28,85.34,0,1,Pass
450,95,2025-10-16,100.0,0,1,Conditional
451,98,2025-08-20,91.2,0,0,Conditional
452,36,2023-07-23,82.65,0,1,Pass
453,57,2025-08-26,80.96,0,0,Conditional
454,104,2026-04-19,89.32,0,2,Pass
455,101,2024-12-27,83.36,0,1,Pass
456,36,2023-07-21,85.74,0,1,Pass
457,77,2026-08-29,100.0,0,2,Pass
458,110,2023-05-14,78.44,0,2,Conditional
459,117,2026-01-09,84.59,0,2,Fail
460,1,2024-11-08,92.03,0,0,Pass
461,28,2023-04-30,100.0,0,0,Fail
462,85,2026-11-02,95.47,0,2,Pass
463,43,2027-01-02,82.93,1,0,Conditional
464,11,2023-07-08,77.81,0,2,Pass
465,51,2024-02-13,83.97,0,2,Pass
466,77,2024-05-08,92.84,0,0,Conditional
467,105,2024-07-19,96.94,0,1,Pass
468,30,2023-07-10,89.74,0,1,Pass
469,62,2023-07-16,85.83,0,1,Conditional
470,1,2024-03-22,83.53,0,1,Pass
471,46,2025-04-17,86.17,0,0,Fail
472,64,2025-08-02,82.92,0,2,Pass
473,16,2024-11-28,82.27,0,1,Pass
474,112,2025-12-08,74.93,0,1,Pass
475,14,2023-03-07,89.79,1,2,Conditional
476,28,2024-01-31,71.27,0,2,Pass
477,54,2024-01-29,81.52,0,3,Pass
478,73,2025-05-12,82.81,3,3,Pass
479,104,2026-01-24,89.92,0,0,Pass
480,71,2026-10-25,90.35,0,0,Pass
481,58,2025-01-30,77.79,1,0,Pass
482,34,2023-01-11,86.12,0,1,Pass
483,85,2023-06-09,77.28,0,2,Conditional
484,23,2025-02-01,88.84,0,3,Pass
485,66,2026-12-07,89.35,0,0,Pass
486,8,2025-11-03,70.47,0,0,Pass
487,17,2026-02-19,78.5,0,0,Pass
488,38,2023-09-11,100.0,0,3,Conditional
489,109,2026-04-19,74.97,0,2,Pass
490,43,2024-12-02,87.81,1,1,Pass
491,80,2024-05-04,77.44,0,1,Pass
492,55,2026-02-03,88.41,1,2,Pass
493,1,2027-01-11,96.93,0,1,Pass
494,52,2026-03-16,70.27,1,0,Conditional
495,22,2025-11-06,80.47,1,2,Pass
496,35,2023-04-13,90.51,2,0,Conditional
497,101,2024-08-03,94.56,0,0,Conditional
498,27,2025-10-01,91.66,2,0,Pass
499,101,2026-01-11,79.6,1,0,Pass
500,70,2026-06-02,83.27,0,1,Pass
501,71,2026-06-16,80.11,0,2,Pass
502,78,2023-07-15,87.03,0,3,Pass
503,42,2026-02-19,84.06,0,2,Pass
504,65,2023-11-26,87.23,1,0,Conditional
505,89,2023-02-24,69.66,0,3,Pass
506,50,2024-11-25,100.0,0,4,Pass
507,17,2025-01-24,77.41,0,3,Conditional
508,5,2025-08-28,70.43,0,1,Pass
509,97,2025-02-27,88.33,0,2,Pass
510,107,2024-11-29,85.46,0,1,Pass
511,25,2026-11-24,83.68,1,1,Pass
512,13,2025-06-15,70.19,0,2,Pass
513,55,2023-07-08,87.78,0,3,Pass
514,68,2023-05-15,88.53,0,2,Pass
515,48,2024-09-11,100.0,0,0,Pass
516,22,2023-03-11,81.7,0,2,Pass
517,106,2024-11-24,78.11,1,2,Fail
518,81,2026-03-31,90.66,0,0,Fail
519,34,2026-07-27,74.91,0,0,Pass
520,49,2023-01-30,89.47,1,1,Pass
521,25,2026-05-05,94.06,0,2,Pass
522,57,2025-12-01,99.62,0,0,Pass
523,40,2024-02-22,86.34,0,1,Pass
524,58,2024-04-17,84.24,0,0,Conditional
525,107,2024-10-21,81.02,1,1,Pass
526,109,2026-05-05,100.0,0,0,Pass
527,65,2025-10-05,94.43,2,2,Conditional
528,44,2025-01-17,96.64,0,1,Pass
529,93,2026-09-01,92.43,0,1,Pass
530,46,2025-06-19,97.83,0,3,Pass
531,6,2025-07-12,85.56,0,0,Conditional
532,74,2023-08-02,88.88,0,2,Fail
533,44,2026-07-30,73.24,0,1,Conditional
534,52,2025-06-29,77.41,0,1,Conditional
535,81,2024-06-12,87.28,0,1,Pass
536,114,2024-11-16,62.19,0,1,Pass
537,5,2023-09-08,88.22,0,2,Pass
538,91,2024-05-03,84.02,2,2,Pass
539,35,2023-01-08,97.81,0,2,Pass
540,103,2023-08-25,87.76,0,0,Pass
541,119,2024-10-25,92.02,0,1,Pass
542,24,2026-12-20,88.32,0,1,Conditional
543,112,2025-09-27,84.01,0,0,Pass
544,66,2024-12-26,79.76,2,1,Pass
545,64,2024-10-30,82.36,0,4,Pass
546,120,2026-05-05,69.98,0,1,Pass
547,73,2026-06-15,80.45,0,2,Fail
548,95,2025-09-13,81.36,1,1,Pass
549,111,2025-10-17,100.0,0,1,Pass
550,96,2026-09-22,81.83,0,0,Pass
551,17,2024-01-06,64.73,0,3,Conditional
552,109,2024-05-31,74.71,1,2,Pass
553,15,2025-05-22,93.84,0,1,Pass
554,34,2023-09-05,68.07,1,1,Conditional
555,114,2023-12-07,86.49,1,0,Pass
556,31,2026-12-22,91.55,0,2,Pass
557,66,2026-04-28,96.57,0,1,Conditional
558,99,2025-09-04,91.74,1,1,Pass
559,4,2023-06-01,99.05,1,3,Conditional
560,104,2026-10-09,78.64,0,0,Conditional
561,113,2025-05-01,76.26,1,1,Conditional
562,74,2024-09-17,87.71,1,1,Pass
563,68,2024-09-07,76.63,1,1,Pass
564,2,2023-06-29,100.0,1,4,Pass
565,18,2023-01-01,80.38,0,1,Pass
566,108,2023-06-22,85.43,1,1,Pass
567,103,2024-10-04,87.46,2,2,Pass
568,19,2026-11-07,79.92,0,0,Conditional
569,15,2024-09-12,90.76,0,1,Pass
570,42,2025-05-09,78.2,0,2,Pass
571,58,2026-05-10,85.15,1,0,Pass
572,43,2024-12-30,87.36,0,0,Conditional
573,8,2023-01-04,69.33,0,2,Conditional
574,55,2023-04-28,73.95,0,2,Conditional
575,48,2024-05-04,77.04,1,2,Conditional
576,55,2023-03-13,79.95,0,1,Pass
577,7,2023-10-27,89.8,1,0,Pass
578,35,2024-05-04,89.17,0,0,Pass
579,97,2026-04-13,90.36,0,1,Pass
580,40,2025-10-31,72.07,1,1,Pass
581,49,2024-01-25,84.47,0,2,Pass
582,86,2026-09-20,77.08,0,1,Pass
583,40,2026-09-03,80.21,1,1,Pass
584,78,2024-07-17,99.78,0,2,Pass
585,35,2023-06-08,85.87,0,1,Conditional
586,75,2023-06-06,89.25,0,1,Pass
587,20,2024-08-26,100.0,0,0,Pass
588,83,2023-04-29,87.03,1,0,Pass
589,75,2025-06-10,72.26,0,1,Pass
590,57,2025-09-07,85.82,0,2,Pass
591,36,2027-01-17,84.79,1,2,Conditional
592,52,2025-09-20,97.34,2,0,Pass
593,120,2023-10-05,72.59,0,0,Pass
594,20,2026-11-08,90.52,0,0,Pass
595,96,2025-04-30,100.0,0,2,Pass
596,103,2024-05-21,83.24,0,2,Pass
597,114,2026-11-12,86.21,0,0,Pass
598,105,2026-10-14,78.71,1,0,Pass
599,89,2024-06-21,92.58,0,1,Pass
600,67,2027-01-10,88.26,1,2,Pass
601,2,2025-08-29,91.22,0,0,Pass
602,62,2025-06-22,87.94,2,1,Pass
603,64,2023-05-17,77.32,0,1,Pass
604,24,2023-12-29,87.07,0,0,Conditional
605,66,2025-04-29,87.19,1,3,Pass
606,13,2023-11-25,88.88,0,4,Pass
607,105,2026-12-24,68.71,1,1,Pass
608,12,2024-02-21,87.8,0,0,Pass
609,61,2025-01-02,74.12,0,2,Pass
610,93,2023-11-05,77.99,0,2,Pass
611,51,2025-11-20,95.67,0,1,Pass
612,29,2023-12-04,66.53,0,2,Pass
613,22,2024-02-11,89.73,1,0,Pass
614,78,2023-03-08,77.13,1,0,Pass
615,10,2025-02-23,72.9,0,1,Pass
616,31,2024-09-07,81.43,0,0,Pass
617,30,2025-12-20,93.78,0,2,Conditional
618,60,2026-10-22,85.35,0,1,Pass
619,7,2023-12-25,83.95,1,1,Pass
620,59,2027-01-30,77.81,0,0,Pass
621,62,2023-05-05,92.61,1,2,Pass
622,86,2024-05-10,78.43,0,1,Pass
623,115,2023-09-29,86.33,0,1,Pass
624,49,2026-02-09,89.0,0,0,Conditional
625,8,2024-11-30,94.05,1,0,Pass
626,23,2023-04-01,69.09,0,0,Pass
627,27,2023-09-14,90.27,0,0,Pass
628,16,2023-03-04,85.89,0,1,Conditional
629,66,2026-03-30,86.81,0,0,Fail
630,100,2026-06-18,75.83,0,0,Pass
631,2,2027-01-17,84.11,0,0,Pass
632,101,2023-04-18,96.04,0,0,Pass
633,89,2025-01-24,97.85,0,1,Pass
634,85,2023-02-17,83.29,2,2,Pass
635,79,2024-09-28,82.27,1,2,Pass
636,70,2026-11-24,91.04,0,0,Pass
637,29,2025-09-20,74.9,0,0,Pass
638,29,2027-01-14,88.58,0,1,Fail
639,79,2024-10-12,84.42,0,0,Pass
640,72,2027-01-05,97.49,1,3,Pass
641,1,2025-01-31,75.74,0,2,Fail
642,100,2023-10-06,81.2,0,1,Conditional
643,6,2023-11-18,72.76,0,2,Pass
644,67,2026-10-21,83.77,0,3,Pass
645,57,2023-12-23,81.3,0,1,Conditional
646,4,2025-01-10,96.26,0,0,Pass
647,99,2023-11-13,95.94,1,0,Pass
648,21,2024-07-26,86.13,0,0,Pass
649,71,2025-07-16,91.39,1,3,Pass
650,47,2023-07-18,85.61,1,1,Conditional
651,115,2025-05-24,81.81,0,1,Pass
652,28,2023-08-16,81.03,0,3,Pass
653,73,2026-10-22,88.59,0,2,Pass
654,90,2024-04-04,80.56,0,1,Pass
655,103,2026-07-19,89.41,0,0,Conditional
656,25,2025-02-25,88.7,0,2,Pass
657,112,2027-01-26,91.42,0,1,Pass
658,69,2024-05-29,85.36,0,2,Pass
659,43,2025-07-24,79.8,0,3,Pass
660,1,2026-09-01,100.0,1,1,Pass
661,104,2026-01-18,97.01,0,2,Pass
662,88,2027-02-06,79.48,0,1,Fail
663,114,2024-07-26,90.99,0,2,Conditional
664,92,2026-02-05,71.28,1,0,Conditional
665,87,2023-11-07,88.71,1,0,Fail
666,119,2025-10-21,85.42,0,2,Pass
667,27,2025-08-23,85.44,0,0,Pass
668,65,2023-06-01,92.52,0,1,Pass
669,72,2024-03-25,88.57,0,1,Pass
670,104,2024-03-31,100.0,1,0,Pass
671,38,2024-11-09,86.29,0,1,Pass
672,101,2025-01-15,75.35,0,0,Conditional
673,85,2023-10-22,98.43,0,1,Pass
674,12,2026-10-20,98.69,0,2,Pass
675,74,2023-06-06,89.36,1,2,Pass
676,26,2023-08-09,91.73,0,0,Pass
677,13,2023-06-19,83.65,0,1,Conditional
678,60,2025-05-30,100.0,0,0,Conditional
679,31,2024-02-02,65.38,0,2,Pass
680,19,2023-09-14,93.71,0,1,Conditional
681,68,2026-02-22,82.52,0,2,Pass
682,117,2023-10-21,76.66,0,4,Pass
683,31,2026-03-24,98.9,0,3,Pass
684,37,2023-03-12,88.81,0,1,Pass
685,29,2025-09-24,70.59,0,2,Pass
686,46,2024-12-20,86.56,0,0,Pass
687,105,2023-10-05,100.0,0,1,Pass
688,71,2025-05-28,81.63,0,1,Pass
689,97,2024-07-28,76.25,0,2,Pass
690,39,2025-09-07,93.35,0,1,Pass
691,6,2023-05-31,63.99,0,4,Pass
692,10,2023-09-14,74.87,0,3,Pass
693,18,2023-01-15,84.42,0,2,Pass
694,83,2023-04-29,81.89,1,1,Pass
695,37,2023-03-31,93.82,1,1,Pass
696,21,2024-08-24,100.0,0,3,Pass
697,50,2023-01-27,80.01,0,3,Fail
698,67,2023-07-09,75.21,0,1,Pass
699,34,2024-02-26,76.49,0,1,Conditional
700,50,2025-02-02,87.85,0,1,Pass
701,24,2023-01-27,100.0,0,1,Pass
702,104,2025-04-14,89.52,0,1,Pass
703,49,2024-12-30,97.68,0,1,Pass
704,41,2025-05-07,85.16,1,1,Conditional
705,86,2025-09-15,89.95,0,1,Conditional
706,105,2024-08-15,77.15,0,1,Pass
707,8,2024-06-19,95.91,0,1,Pass
708,3,2023-02-23,89.57,0,2,Pass
709,96,2026-06-14,89.51,0,1,Pass
710,96,2025-11-09,92.77,0,2,Pass
711,109,2026-05-15,80.35,0,3,Pass
712,13,2023-10-31,90.82,0,2,Pass
713,2,2026-12-25,88.65,0,2,Pass
714,120,2025-05-26,84.09,2,0,Conditional
715,84,2025-01-13,70.2,0,1,Pass
716,109,2023-04-09,96.74,0,1,Conditional
717,99,2025-10-09,74.86,0,0,Pass
718,78,2026-03-25,97.08,0,1,Pass
719,105,2023-01-10,70.54,0,1,Pass
720,102,2023-10-20,84.43,0,1,Pass
721,13,2023-07-17,86.52,1,1,Pass
722,3,2026-06-24,72.61,0,0,Conditional
723,47,2026-09-12,87.32,1,1,Pass
724,29,2023-08-28,77.62,0,1,Conditional
725,23,2024-08-03,78.63,0,1,Pass
726,7,2023-04-01,84.85,0,0,Pass
727,74,2025-06-24,92.28,0,3,Pass
728,117,2023-04-04,84.42,0,1,Pass
729,77,2026-12-09,64.88,0,2,Pass
730,9,2026-09-05,100.0,1,2,Pass
731,92,2025-04-25,87.28,0,1,Pass
732,78,2024-04-03,83.01,0,3,Pass
733,84,2026-02-10,84.86,1,0,Pass
734,118,2026-10-19,85.7,0,0,Pass
735,7,2025-06-25,84.61,0,2,Pass
736,94,2025-01-08,96.36,1,1,Conditional
737,9,2025-11-29,86.81,0,2,Pass
738,64,2026-08-05,100.0,0,1,Pass
739,70,2027-01-23,83.05,0,2,Pass
740,26,2023-03-31,94.45,0,1,Pass
741,24,2026-07-18,89.18,0,1,Pass
742,5,2026-02-02,100.0,0,0,Pass
743,38,2025-04-10,85.65,0,2,Pass
744,117,2025-12-18,87.91,2,1,Conditional
745,34,2023-06-30,65.17,0,0,Pass
746,108,2026-04-05,77.2,0,2,Fail
747,42,2023-11-13,85.27,0,0,Pass
748,28,2023-05-07,87.67,0,2,Pass
749,36,2024-03-02,80.47,0,0,Pass
750,50,2025-07-20,90.07,1,0,Pass
751,23,2024-07-18,81.26,0,0,Pass
752,3,2025-07-30,96.23,0,0,Pass
753,45,2025-09-23,89.16,0,0,Pass
754,104,2023-07-02,76.27,0,1,Pass
755,90,2026-08-31,85.87,0,2,Conditional
756,103,2024-01-15,89.17,0,3,Pass
757,50,2023-04-28,91.55,0,0,Pass
758,63,2026-05-10,89.38,1,0,Pass
759,73,2026-09-14,81.26,0,2,Pass
760,88,2025-04-21,73.58,0,0,Pass
761,55,2026-09-05,86.87,0,1,Pass
762,73,2025-12-29,94.71,1,1,Pass
763,96,2023-02-03,79.18,0,2,Pass
764,119,2026-11-27,76.07,1,1,Pass
765,42,2025-06-17,90.75,0,0,Pass
766,70,2023-08-23,76.35,0,1,Conditional
767,4,2025-06-19,63.74,1,1,Pass
768,103,2026-12-14,85.32,1,4,Pass
769,110,2024-03-22,74.54,1,0,Pass
770,65,2024-04-18,86.16,1,1,Pass
771,9,2023-07-15,77.04,0,0,Pass
772,37,2023-07-09,77.78,0,1,Conditional
773,91,2024-02-07,99.02,0,1,Pass
774,38,2023-08-11,88.87,0,1,Pass
775,34,2025-02-16,93.5,0,0,Pass
776,32,2023-08-17,100.0,0,3,Pass
777,15,2025-01-16,97.38,0,1,Pass
778,23,2024-12-23,79.78,1,1,Pass
779,49,2023-08-21,79.71,0,0,Pass
780,71,2026-09-13,74.37,2,2,Pass
781,79,2023-09-09,100.0,1,2,Pass
782,35,2023-11-02,89.45,0,1,Conditional
783,23,2023-05-28,89.04,0,0,Conditional
784,1,2025-07-20,93.38,1,0,Pass
785,91,2025-07-17,79.76,0,1,Pass
786,71,2023-10-22,79.56,0,1,Pass
787,69,2023-06-27,87.68,0,1,Pass
788,100,2023-08-10,90.25,1,0,Pass
789,74,2026-07-02,93.88,0,2,Conditional
790,21,2026-09-12,86.97,0,1,Conditional
791,58,2023-09-23,92.51,1,3,Conditional
792,40,2026-08-12,90.16,0,0,Pass
793,26,2024-07-17,87.91,1,1,Conditional
794,114,2026-10-23,83.51,1,0,Pass
795,79,2024-11-21,71.6,0,1,Pass
796,42,2025-02-04,90.34,1,1,Pass
797,54,2025-11-02,82.18,0,2,Pass
798,109,2024-10-11,79.81,0,2,Pass
799,74,2025-08-22,79.74,0,0,Pass
800,7,2026-02-16,85.72,0,1,Pass
801,36,2025-03-06,70.29,0,0,Pass
802,59,2025-02-28,73.73,1,2,Pass
803,15,2023-10-22,96.92,1,4,Pass
804,99,2023-12-09,84.87,0,0,Pass
805,97,2025-04-25,65.18,0,0,Pass
806,67,2025-10-27,100.0,0,2,Pass
807,87,2026-02-20,81.15,0,2,Conditional
808,84,2026-12-05,83.72,0,1,Pass
809,61,2023-01-05,94.84,1,1,Pass
810,27,2024-06-16,79.19,0,1,Pass
811,64,2024-02-21,87.48,1,0,Pass
812,72,2024-01-22,83.34,1,3,Pass
813,102,2024-04-25,90.27,0,1,Pass
814,107,2026-06-12,87.24,1,2,Pass
815,29,2024-11-29,94.18,2,2,Pass
816,69,2024-08-25,86.61,0,1,Pass
817,103,2025-08-14,87.5,0,0,Pass
818,29,2026-11-09,96.67,0,3,Pass
819,34,2025-02-21,95.27,1,0,Pass
820,51,2025-05-25,88.62,2,0,Pass
821,10,2023-09-04,78.73,1,2,Pass
822,38,2024-09-13,76.01,0,1,Pass
823,97,2023-03-01,83.8,0,1,Pass
824,110,2024-01-30,100.0,0,3,Pass
825,48,2023-08-02,86.98,0,0,Pass
826,57,2026-06-10,88.34,0,3,Pass
827,71,2026-05-28,81.12,0,4,Pass
828,86,2023-09-12,69.66,0,0,Pass
829,16,2025-04-17,81.5,1,1,Pass
830,77,2026-12-29,87.8,1,1,Conditional
831,107,2024-10-08,97.02,0,1,Pass
832,3,2025-02-12,93.54,0,1,Pass
833,22,2024-08-18,82.64,0,1,Pass
834,59,2026-09-20,85.94,1,3,Pass
835,98,2026-08-22,100.0,0,2,Pass
836,34,2025-08-12,79.35,1,2,Pass
837,25,2025-01-01,79.12,0,0,Pass
838,97,2023-04-08,70.98,0,0,Conditional
839,100,2025-07-12,77.28,1,2,Pass
840,104,2024-04-11,87.05,0,0,Pass
841,62,2023-01-09,76.44,0,0,Pass
842,71,2023-02-18,90.95,0,4,Pass
843,80,2024-07-29,77.43,1,3,Pass
844,27,2026-02-08,79.19,0,0,Conditional
845,108,2025-02-19,91.93,0,2,Conditional
846,52,2024-12-04,100.0,0,0,Pass
847,67,2026-01-29,91.22,1,2,Conditional
848,19,2026-05-10,97.1,0,3,Conditional
849,77,2026-04-09,89.15,0,1,Pass
850,44,2026-03-08,83.42,0,0,Pass
851,59,2027-01-02,100.0,1,1,Pass
852,43,2026-07-21,91.87,0,2,Pass
853,41,2025-01-22,85.71,0,1,Pass
854,102,2026-09-26,87.3,0,2,Pass
855,114,2023-02-25,73.66,0,0,Pass
856,95,2023-08-20,84.03,0,0,Conditional
857,15,2023-08-09,80.72,0,1,Pass
858,65,2023-05-18,85.56,0,1,Pass
859,78,2023-02-28,90.68,1,1,Pass
860,116,2024-03-26,88.84,0,0,Pass
861,37,2024-08-25,96.4,0,3,Pass
862,12,2026-05-05,88.48,0,1,Pass
863,71,2026-11-10,97.62,0,1,Pass
864,64,2026-03-03,75.61,0,3,Conditional
865,97,2025-08-09,67.21,1,0,Conditional
866,13,2023-05-13,87.6,0,1,Pass
867,33,2023-10-21,86.35,0,1,Conditional
868,63,2024-04-27,100.0,0,1,Pass
869,81,2026-10-19,82.57,0,2,Pass
870,76,2026-07-10,100.0,0,1,Pass
871,83,2024-07-10,87.59,0,1,Conditional
872,50,2024-12-20,69.46,0,0,Pass
873,6,2024-07-05,95.86,0,1,Pass
874,88,2024-05-13,87.49,0,0,Fail
875,43,2026-05-24,100.0,0,2,Pass
876,61,2025-11-29,85.08,0,2,Pass
877,113,2026-07-19,93.95,0,1,Pass
878,8,2023-02-01,97.94,0,2,Pass
879,92,2024-05-23,95.28,0,3,Pass
880,120,2026-07-25,100.0,0,2,Pass
881,76,2024-10-09,84.07,0,0,Pass
882,26,2023-06-02,100.0,0,0,Pass
883,17,2024-03-25,100.0,1,0,Conditional
884,61,2024-06-30,77.68,0,2,Conditional
885,39,2026-03-07,83.66,0,2,Pass
886,50,2023-02-20,89.42,1,0,Pass
887,49,2024-07-29,77.53,1,1,Pass
888,41,2026-11-12,75.25,0,2,Pass
889,77,2023-08-09,73.38,0,2,Pass
890,96,2026-12-10,85.89,0,1,Pass
891,15,2023-10-28,87.6,0,0,Pass
892,46,2026-03-24,90.29,0,1,Pass
893,79,2023-01-30,80.2,0,0,Pass
894,42,2026-12-09,95.66,1,1,Pass
895,33,2026-01-02,97.94,0,0,Pass
896,119,2025-08-23,100.0,0,0,Pass
897,43,2023-01-06,97.23,0,1,Pass
898,7,2026-03-11,98.45,0,2,Conditional
899,19,2024-03-13,82.58,0,0,Pass
900,37,2023-12-14,87.38,0,0,Fail
901,43,2023-09-05,96.59,0,3,Conditional
902,116,2025-01-28,100.0,0,1,Conditional
903,83,2026-10-23,71.55,0,0,Pass
904,41,2023-09-04,100.0,0,0,Pass
905,85,2023-03-17,85.4,0,0,Pass
906,85,2024-10-20,89.7,0,1,Conditional
907,38,2025-12-16,91.49,0,1,Conditional
908,20,2023-03-25,86.08,0,1,Pass
909,47,2024-03-05,84.85,0,1,Pass
910,44,2025-11-12,85.23,0,2,Pass
911,79,2026-06-27,78.18,0,2,Pass
912,26,2024-06-06,91.12,0,1,Conditional
913,33,2023-10-05,99.41,0,0,Pass
914,107,2024-10-06,100.0,0,0,Pass
915,106,2027-01-19,89.38,0,0,Pass
916,42,2025-08-06,88.35,0,5,Pass
917,52,2024-04-13,97.04,0,1,Pass
918,18,2023-07-27,82.34,0,0,Pass
919,18,2026-02-02,70.67,0,2,Pass
920,100,2025-04-13,86.44,0,0,Conditional
921,20,2024-08-14,100.0,0,1,Pass
922,89,2026-12-20,76.21,1,0,Pass
923,105,2026-03-30,82.49,0,0,Pass
924,97,2025-09-03,91.39,0,0,Pass
925,43,2023-10-28,87.57,0,1,Pass
926,18,2025-03-24,75.06,0,1,Pass
927,109,2023-08-29,86.11,0,1,Pass
928,96,2023-10-17,81.34,2,0,Pass
929,55,2024-01-17,75.61,0,2,Conditional
930,8,2024-10-18,82.8,0,2,Pass
931,27,2023-09-06,89.72,1,1,Pass
932,68,2023-09-29,100.0,0,2,Pass
933,93,2023-11-23,91.69,0,0,Pass
934,91,2024-02-27,79.18,0,0,Conditional
935,104,2024-09-24,96.2,0,0,Fail
936,7,2024-05-14,87.16,0,0,Pass
937,114,2025-11-23,75.1,0,3,Pass
938,30,2026-04-12,74.5,0,0,Pass
939,33,2024-01-14,80.75,0,3,Pass
940,23,2023-12-06,97.59,0,1,Pass
941,41,2026-02-09,77.09,1,1,Pass
942,111,2024-09-29,95.51,1,1,Pass
943,93,2026-04-06,71.84,0,1,Conditional
944,42,2023-10-23,89.64,0,0,Pass
945,15,2025-02-05,73.91,0,3,Pass
946,77,2023-09-27,100.0,2,4,Pass
947,71,2023-02-01,93.32,0,0,Pass
948,91,2025-11-15,84.27,0,3,Fail
949,100,2025-10-28,70.57,0,1,Pass
950,83,2026-02-01,74.04,0,0,Pass
951,62,2025-04-26,77.26,0,0,Conditional
952,28,2026-11-03,82.86,1,1,Pass
953,26,2023-09-27,85.31,0,0,Pass
954,84,2026-11-20,98.71,0,0,Pass
955,4,2023-02-13,90.68,1,1,Pass
956,120,2026-04-06,100.0,0,3,Pass
957,92,2024-04-26,92.99,0,1,Pass
958,114,2024-01-26,81.99,0,1,Pass
959,12,2026-07-06,87.57,1,0,Pass
960,20,2023-07-28,93.87,1,3,Pass
961,5,2023-02-09,70.13,0,0,Pass
962,62,2025-04-27,94.22,0,0,Pass
963,75,2026-11-19,100.0,0,1,Pass
964,114,2026-07-26,100.0,0,2,Pass
965,25,2023-09-05,100.0,1,2,Pass
966,26,2023-03-02,98.81,0,1,Pass
967,92,2024-07-24,92.38,0,0,Pass
968,94,2023-02-11,88.41,0,1,Pass
969,84,2025-03-08,88.9,0,2,Pass
970,68,2024-04-30,79.94,0,1,Pass
971,26,2025-10-19,87.86,0,0,Conditional
972,2,2025-10-18,81.07,1,2,Conditional
973,73,2023-10-28,73.09,0,1,Conditional
974,105,2026-01-15,83.33,0,1,Pass
975,113,2026-09-30,87.98,1,1,Pass
976,111,2025-10-05,80.8,0,3,Pass
977,95,2025-08-01,78.11,0,0,Pass
978,97,2025-08-04,97.99,0,2,Pass
979,49,2023-09-09,100.0,0,2,Pass
980,103,2024-04-18,80.02,0,1,Pass
981,75,2025-01-27,86.55,1,3,Fail
982,2,2025-08-18,97.03,0,1,Pass
983,73,2025-03-01,87.5,0,1,Pass
984,110,2023-03-06,84.96,0,0,Pass
985,95,2024-08-29,86.77,0,0,Fail
986,104,2025-05-27,86.04,0,1,Conditional
987,52,2024-11-06,80.53,1,2,Pass
988,56,2025-01-06,89.53,0,1,Pass
989,111,2024-01-16,100.0,1,1,Fail
990,43,2025-10-18,95.76,0,2,Conditional
991,84,2024-09-22,85.55,0,1,Pass
992,26,2023-12-07,78.78,0,1,Conditional
993,88,2023-03-22,90.18,0,0,Pass
994,45,2026-08-06,86.27,0,2,Pass
995,3,2026-08-21,93.27,1,2,Pass
996,6,2025-01-02,88.28,0,0,Pass
997,34,2025-09-23,91.9,0,0,Pass
998,36,2025-06-20,71.78,1,1,Conditional
999,71,2026-02-08,77.53,1,1,Conditional
1000,5,2025-04-04,76.34,0,4,Conditional
1001,71,2025-11-21,76.29,0,0,Pass
1002,61,2023-08-05,86.93,0,0,Pass
1003,54,2026-05-15,81.51,0,1,Pass
1004,2,2026-07-15,91.06,0,1,Pass
1005,13,2024-11-14,75.05,0,1,Pass
1006,96,2024-05-24,83.11,0,1,Pass
1007,28,2024-10-01,89.66,1,0,Conditional
1008,54,2023-10-04,91.88,0,1,Pass
1009,16,2027-01-31,90.64,0,1,Pass
1010,81,2024-04-12,87.43,0,0,Pass
1011,114,2026-09-08,89.41,0,3,Pass
1012,114,2025-08-22,96.16,0,1,Pass
1013,86,2023-05-03,91.3,0,2,Conditional
1014,27,2024-02-29,66.57,1,2,Pass
1015,64,2025-01-11,80.73,1,1,Conditional
1016,98,2023-03-23,90.13,0,3,Pass
1017,19,2026-08-30,71.98,0,1,Pass
1018,70,2024-01-26,91.38,0,1,Pass
1019,19,2025-05-06,88.79,0,2,Conditional
1020,116,2026-11-21,77.08,0,1,Fail
1021,46,2024-08-09,91.13,1,0,Conditional
1022,35,2024-12-19,100.0,0,0,Pass
1023,107,2025-06-04,82.1,0,0,Pass
1024,36,2025-02-13,86.48,0,3,Pass
1025,3,2026-06-10,91.05,0,1,Pass
1026,37,2024-01-05,100.0,1,1,Pass
1027,100,2024-05-14,88.67,0,0,Pass
1028,119,2023-05-14,100.0,0,0,Conditional
1029,58,2023-12-03,97.64,0,1,Pass
1030,46,2024-01-03,79.01,0,0,Pass
1031,69,2026-03-20,83.07,0,3,Pass
1032,111,2026-09-24,97.3,1,0,Pass
1033,75,2026-12-10,84.72,0,1,Conditional
1034,9,2024-12-24,100.0,0,0,Pass
1035,4,2024-10-18,84.54,0,3,Pass
1036,65,2023-08-04,80.62,0,2,Pass
1037,98,2026-08-18,85.0,0,2,Pass
1038,120,2024-10-26,81.91,0,3,Pass
1039,86,2025-06-03,96.38,0,0,Pass
1040,38,2023-12-20,81.58,0,3,Conditional
1041,19,2024-05-03,88.38,0,1,Pass
1042,43,2024-06-13,81.28,0,1,Pass
1043,41,2024-08-28,89.53,0,0,Pass
1044,28,2023-04-14,82.42,0,1,Conditional
1045,60,2023-11-08,90.49,0,3,Pass
1046,23,2023-03-10,74.71,1,1,Pass
1047,101,2023-10-28,85.43,0,1,Pass
1048,103,2026-09-30,87.04,1,0,Fail
1049,8,2025-01-23,86.44,0,3,Conditional
1050,16,2024-08-05,91.47,0,3,Pass
1051,52,2023-02-10,89.81,0,1,Conditional
1052,100,2025-06-05,91.7,0,0,Pass
1053,35,2024-10-12,84.36,0,2,Conditional
1054,97,2025-03-01,76.38,0,0,Pass
1055,24,2023-08-02,92.25,1,1,Pass
1056,13,2025-02-10,89.87,0,2,Conditional
1057,45,2025-04-02,91.05,0,1,Pass
1058,26,2023-05-16,77.63,0,1,Conditional
1059,26,2026-08-06,80.97,0,1,Pass
1060,120,2024-04-04,97.39,0,0,Fail
1061,47,2026-04-23,91.21,0,2,Pass
1062,26,2025-01-19,84.41,1,0,Pass
1063,60,2026-07-24,74.71,0,0,Conditional
1064,93,2026-11-22,78.61,0,1,Pass
1065,111,2025-03-26,82.15,0,1,Pass
1066,34,2023-04-06,71.7,0,0,Pass
1067,118,2025-08-28,86.01,0,1,Pass
1068,118,2023-09-23,95.42,0,5,Pass
1069,96,2023-02-26,95.99,0,4,Pass
1070,14,2026-02-08,82.99,0,1,Pass
1071,58,2024-12-24,100.0,0,2,Pass
1072,75,2024-11-06,81.26,1,0,Fail
1073,23,2025-03-16,80.28,0,3,Pass
1074,48,2025-01-01,84.06,0,2,Pass
1075,116,2025-11-18,81.06,0,1,Pass
1076,18,2027-02-05,97.86,0,4,Pass
1077,114,2027-01-21,91.58,0,1,Pass
1078,98,2024-06-29,98.14,0,1,Conditional
1079,103,2025-07-27,100.0,0,5,Pass
1080,59,2026-07-17,96.13,0,2,Pass
1081,78,2023-08-25,100.0,0,2,Pass
1082,80,2024-03-10,97.9,1,0,Conditional
1083,17,2024-06-07,77.96,0,1,Pass
1084,55,2025-02-24,82.87,0,2,Pass
1085,47,2023-12-11,90.41,0,2,Pass
1086,26,2024-09-08,95.68,0,1,Pass
1087,86,2025-10-28,87.42,0,2,Pass
1088,112,2025-11-17,80.86,0,0,Pass
1089,17,2026-12-08,87.88,1,3,Pass
1090,19,2026-07-22,84.74,2,3,Pass
1091,76,2023-08-28,100.0,1,1,Pass
1092,49,2025-12-30,100.0,0,3,Pass
1093,117,2023-04-24,94.72,0,0,Pass
1094,118,2025-10-23,82.74,1,2,Pass
1095,13,2024-06-20,94.35,1,0,Pass
1096,54,2023-05-22,83.35,0,3,Pass
1097,35,2026-10-08,91.28,0,0,Pass
1098,27,2026-12-23,81.5,0,2,Fail
1099,100,2024-04-03,99.27,0,1,Pass
1100,80,2023-12-07,89.64,0,1,Pass
1101,64,2026-01-16,92.16,0,2,Pass
1102,51,2025-06-12,82.66,0,3,Pass
1103,25,2024-03-25,88.98,1,0,Pass
1104,115,2024-11-01,86.13,0,1,Pass
1105,108,2026-02-18,96.32,0,1,Conditional
1106,53,2027-02-07,80.51,1,3,Pass
1107,116,2024-04-22,75.34,0,2,Pass
1108,18,2023-05-23,83.32,0,3,Conditional
1109,103,2024-11-01,95.73,0,1,Pass
1110,13,2023-07-09,82.01,0,1,Fail
1111,18,2026-12-31,72.57,1,0,Pass
1112,80,2025-10-22,86.47,0,1,Pass
1113,72,2023-11-05,84.94,1,2,Pass
1114,62,2026-10-10,91.88,0,0,Conditional
1115,41,2024-12-09,76.71,0,1,Pass
1116,7,2025-01-28,95.23,0,2,Pass
1117,28,2024-11-11,77.32,0,2,Pass
1118,58,2023-03-19,86.18,0,0,Conditional
1119,103,2023-08-05,86.83,0,2,Pass
1120,13,2026-02-10,83.55,0,1,Conditional
1121,84,2026-07-15,86.86,0,1,Conditional
1122,102,2024-07-10,73.49,0,0,Fail
1123,29,2023-11-02,89.66,0,0,Pass
1124,30,2026-04-15,97.51,0,0,Pass
1125,88,2024-05-10,100.0,1,2,Conditional
1126,115,2023-08-02,84.67,0,0,Pass
1127,13,2026-07-23,93.37,0,0,Pass
1128,98,2025-09-28,74.26,0,2,Pass
1129,55,2024-07-05,79.79,0,0,Pass
1130,42,2023-05-03,77.82,0,1,Pass
1131,70,2023-04-03,74.82,0,1,Pass
1132,76,2023-08-07,100.0,0,2,Fail
1133,90,2024-10-23,82.5,1,1,Pass
1134,8,2026-01-17,87.09,0,1,Conditional
1135,65,2025-05-31,93.73,0,1,Pass
1136,64,2023-08-08,78.28,1,1,Pass
1137,16,2023-07-17,90.33,0,1,Pass
1138,45,2026-05-01,100.0,0,0,Pass
1139,82,2025-11-18,88.11,0,0,Pass
1140,63,2026-10-31,100.0,1,1,Conditional
1141,66,2024-04-24,85.0,0,2,Pass
1142,103,2024-07-26,77.48,0,0,Pass
1143,58,2026-07-11,95.25,0,2,Conditional
1144,78,2026-08-10,89.72,1,1,Pass
1145,99,2023-02-17,90.82,0,1,Pass
1146,106,2026-05-06,80.16,0,4,Pass
1147,88,2024-06-12,78.03,0,1,Pass
1148,40,2025-06-23,82.03,0,0,Pass
1149,23,2026-04-09,92.18,0,0,Fail
1150,74,2024-09-24,93.35,0,1,Pass
1151,89,2024-04-12,84.37,0,0,Pass
1152,102,2025-06-10,84.36,0,1,Pass
1153,25,2023-05-10,97.85,0,3,Conditional
1154,117,2026-09-14,89.87,0,0,Conditional
1155,75,2023-05-12,92.22,0,1,Conditional
1156,68,2025-07-01,87.09,0,3,Pass
1157,37,2026-07-19,95.47,0,0,Pass
1158,9,2024-03-23,78.37,0,0,Conditional
1159,78,2023-07-08,93.37,0,0,Pass
1160,50,2025-11-13,90.63,0,2,Pass
1161,50,2026-06-19,88.94,0,1,Conditional
1162,68,2025-11-24,100.0,0,3,Pass
1163,27,2026-09-10,89.45,0,2,Pass
1164,41,2025-10-06,82.17,0,2,Pass
1165,68,2025-06-03,78.32,0,1,Conditional
1166,28,2024-08-29,80.11,0,1,Pass
1167,16,2026-06-13,70.46,0,1,Pass
1168,103,2023-06-17,95.95,0,2,Pass
1169,11,2026-08-18,91.43,0,2,Pass
1170,25,2025-07-17,82.25,0,2,Pass
1171,19,2026-04-14,84.56,1,1,Pass
1172,106,2026-11-17,79.58,1,1,Pass
1173,32,2024-06-02,95.76,1,5,Pass
1174,34,2024-02-25,87.83,0,2,Fail
1175,41,2023-11-12,96.65,1,1,Pass
1176,19,2024-06-14,92.46,1,0,Pass
1177,21,2024-04-12,81.25,1,1,Conditional
1178,63,2025-11-10,99.18,0,0,Conditional
1179,108,2026-08-22,100.0,0,2,Conditional
1180,103,2026-05-06,83.24,0,0,Conditional
1181,4,2025-07-15,85.22,0,0,Pass
1182,107,2023-06-16,76.15,1,1,Pass
1183,62,2026-10-06,95.21,0,2,Pass
1184,6,2025-08-04,90.03,0,1,Pass
1185,67,2025-11-15,83.63,0,0,Pass
1186,88,2025-06-05,96.98,1,3,Pass
1187,10,2025-12-27,83.07,0,1,Pass
1188,30,2025-03-14,81.87,1,2,Pass
1189,38,2025-01-11,84.47,0,1,Pass
1190,40,2025-05-15,94.27,0,1,Pass
1191,56,2024-05-30,83.79,0,1,Pass
1192,46,2025-07-04,76.44,0,2,Pass
1193,46,2023-08-23,69.65,0,0,Pass
1194,107,2023-04-03,100.0,0,1,Pass
1195,84,2025-05-02,87.71,0,3,Pass
1196,22,2024-05-25,80.53,0,1,Conditional
1197,56,2025-09-30,89.96,0,2,Conditional
1198,61,2025-07-26,88.97,1,0,Pass
1199,21,2026-11-10,88.86,0,1,Pass
1200,32,2025-07-03,89.87,0,1,Pass
1201,49,2025-04-25,71.49,0,0,Pass
1202,13,2025-03-16,100.0,0,0,Pass
1203,24,2026-07-22,82.35,0,1,Pass
1204,56,2023-06-07,84.59,0,1,Pass
1205,68,2026-05-16,76.87,0,1,Pass
1206,76,2024-07-18,71.31,0,1,Pass
1207,34,2025-09-21,78.77,0,1,Pass
1208,15,2024-05-28,66.78,1,1,Conditional
1209,96,2024-12-23,87.85,0,3,Pass
1210,71,2023-09-02,65.76,0,0,Conditional
1211,88,2024-10-09,100.0,0,2,Pass
1212,12,2023-09-11,77.1,0,1,Pass
1213,45,2026-04-02,74.05,0,1,Pass
1214,10,2026-03-29,80.21,0,1,Conditional
1215,88,2024-08-08,78.63,1,4,Pass
1216,118,2026-06-06,74.9,0,2,Pass
1217,28,2025-10-13,89.82,0,0,Pass
1218,84,2025-08-27,100.0,2,1,Pass
1219,109,2025-10-10,78.27,0,2,Pass
1220,116,2025-04-03,95.35,0,0,Pass
1221,31,2023-03-17,88.92,0,0,Pass
1222,4,2024-02-08,87.21,0,1,Pass
1223,80,2026-03-29,100.0,0,0,Pass
1224,59,2025-12-07,81.38,0,1,Pass
1225,109,2024-12-14,91.85,0,1,Pass
1226,7,2025-01-20,94.04,1,0,Pass
1227,54,2023-08-12,100.0,0,1,Pass
1228,51,2026-05-05,90.05,0,1,Pass
1229,56,2024-11-25,97.47,0,0,Pass
1230,107,2023-08-08,86.7,0,1,Pass
1231,102,2024-05-15,100.0,2,1,Pass
1232,76,2023-03-16,82.37,0,1,Pass
1233,113,2023-09-30,84.08,0,2,Pass
1234,33,2024-06-27,70.01,0,3,Fail
1235,98,2026-02-23,82.39,0,0,Pass
1236,107,2025-12-22,92.19,1,2,Pass
1237,65,2023-05-22,95.75,0,1,Pass
1238,69,2024-10-12,84.12,0,2,Pass
1239,10,2024-10-02,69.16,0,0,Conditional
1240,116,2025-08-19,85.13,0,0,Pass
1241,75,2023-09-12,74.27,0,0,Conditional
1242,21,2025-10-09,83.52,0,1,Conditional
1243,52,2026-12-25,91.33,0,1,Pass
1244,111,2024-02-08,87.54,0,1,Pass
1245,114,2023-11-10,91.02,0,1,Conditional
1246,98,2026-09-27,86.48,0,2,Pass
1247,100,2023-02-27,79.08,0,2,Pass
1248,108,2024-05-30,82.37,0,1,Pass
1249,16,2026-09-29,98.09,0,2,Pass
1250,66,2024-03-26,85.45,1,1,Pass
1251,34,2024-09-02,92.64,0,1,Pass
1252,115,2025-07-02,87.64,0,0,Pass
1253,88,2025-11-25,66.94,0,2,Pass
1254,95,2023-11-09,93.95,0,2,Pass
1255,38,2025-06-01,100.0,1,1,Pass
1256,9,2025-10-29,89.24,0,2,Pass
1257,92,2024-03-14,75.0,0,1,Pass
1258,64,2023-04-22,85.94,0,1,Fail
1259,3,2025-05-14,83.64,0,0,Pass
1260,4,2025-04-24,90.61,0,0,Pass
1261,67,2025-02-17,86.38,0,0,Conditional
1262,84,2026-05-04,81.33,0,2,Pass
1263,99,2024-08-16,99.36,2,1,Pass
1264,51,2025-11-16,90.71,0,0,Pass
1265,70,2024-07-02,92.62,0,3,Pass
1266,68,2024-09-20,68.54,0,2,Conditional
1267,98,2026-05-15,84.26,0,1,Pass
1268,115,2025-05-22,82.46,1,2,Pass
1269,1,2025-06-23,96.06,1,0,Pass
1270,112,2026-01-25,92.52,1,1,Pass
1271,31,2027-01-21,88.99,0,3,Pass
1272,74,2024-09-12,85.04,1,3,Pass
1273,92,2027-02-03,82.7,0,0,Pass
1274,105,2025-08-30,100.0,0,1,Fail
1275,26,2026-08-11,89.61,0,0,Conditional
1276,119,2026-04-17,85.2,0,2,Pass
1277,120,2024-01-18,80.62,1,2,Pass
1278,71,2025-11-02,88.31,2,1,Pass
1279,100,2025-08-08,84.97,0,0,Pass
1280,74,2024-01-01,89.55,0,1,Pass
1281,23,2026-06-14,91.28,1,1,Conditional
1282,89,2026-11-13,79.84,1,1,Conditional
1283,92,2026-01-08,88.52,0,2,Pass
1284,23,2025-06-13,87.19,0,0,Fail
1285,88,2023-12-08,79.05,1,1,Pass
1286,37,2026-01-13,95.3,0,1,Pass
1287,86,2025-05-13,85.81,0,2,Pass
1288,103,2026-06-10,71.46,0,0,Pass
1289,52,2026-10-29,97.19,0,0,Pass
1290,103,2025-01-10,92.66,0,2,Pass
1291,92,2026-01-26,63.0,1,2,Conditional
1292,108,2025-10-08,86.26,0,1,Conditional
1293,5,2025-09-18,89.95,0,2,Pass
1294,103,2024-03-20,76.25,0,5,Pass
1295,13,2026-08-12,98.04,0,2,Conditional
1296,8,2026-10-08,79.15,0,0,Pass
1297,73,2024-10-13,90.97,1,4,Conditional
1298,86,2027-02-05,79.93,0,1,Pass
1299,109,2023-05-04,87.49,0,2,Conditional
1300,50,2026-08-19,74.04,0,0,Fail
1301,41,2024-06-14,76.41,0,0,Pass
1302,70,2024-09-24,89.28,1,1,Conditional
1303,119,2024-11-24,84.82,0,3,Pass
1304,110,2024-09-27,95.98,0,0,Pass
1305,102,2026-09-12,89.39,0,1,Fail
1306,120,2023-12-31,80.03,0,2,Pass
1307,85,2023-11-16,99.14,0,2,Pass
1308,13,2025-02-12,100.0,1,0,Pass
1309,2,2026-09-12,80.27,1,3,Conditional
1310,2,2023-02-02,87.7,1,0,Pass
1311,41,2023-01-12,77.09,0,4,Pass
1312,118,2024-06-15,78.59,0,2,Conditional
1313,116,2026-08-20,73.46,0,2,Pass
1314,75,2023-07-24,80.97,0,0,Pass
1315,68,2023-11-21,76.44,0,4,Pass
1316,55,2023-04-21,93.48,0,1,Pass
1317,120,2026-01-23,79.22,0,2,Pass
1318,70,2023-02-12,69.31,0,1,Pass
1319,71,2026-11-01,96.78,1,0,Conditional
1320,24,2025-12-04,78.59,0,0,Conditional
1321,61,2023-01-31,99.73,0,1,Pass
1322,55,2023-04-26,83.22,0,3,Pass
1323,9,2024-11-25,93.25,1,2,Pass
1324,63,2026-03-19,81.22,1,0,Pass
1325,50,2026-12-13,78.07,0,2,Pass
1326,16,2023-07-24,81.99,1,1,Pass
1327,7,2024-02-01,91.27,0,1,Pass
1328,96,2023-10-21,86.83,1,1,Pass
1329,109,2026-07-27,98.97,0,0,Pass
1330,44,2024-08-29,79.59,0,1,Pass
1331,79,2024-12-26,95.2,0,0,Pass
1332,19,2025-11-22,100.0,0,2,Pass
1333,90,2026-01-24,85.34,1,2,Pass
1334,97,2025-09-22,72.82,0,2,Pass
1335,109,2025-12-15,82.25,0,1,Pass
1336,120,2026-09-23,80.87,0,0,Conditional
1337,79,2025-02-12,72.18,1,1,Pass
1338,64,2026-06-17,97.95,0,0,Pass
1339,98,2025-10-21,79.7,0,4,Conditional
1340,96,2026-11-13,100.0,1,1,Pass
1341,45,2027-01-15,87.4,0,0,Pass
1342,33,2025-03-25,93.43,0,1,Pass
1343,28,2023-08-27,68.95,0,2,Pass
1344,101,2024-06-08,92.08,1,4,Fail
1345,32,2023-01-30,90.99,0,2,Pass
1346,111,2025-10-10,93.59,0,1,Pass
1347,43,2023-03-22,80.23,1,1,Pass
1348,8,2023-07-06,97.54,2,2,Pass
1349,96,2026-04-12,85.09,1,2,Pass
1350,54,2025-05-17,80.43,0,2,Pass
1351,8,2023-08-20,84.16,2,2,Pass
1352,120,2025-03-22,85.58,0,1,Pass
1353,87,2024-03-01,67.05,1,1,Pass
1354,79,2024-12-04,79.18,1,1,Pass
1355,100,2025-10-16,88.11,0,2,Pass
1356,79,2024-07-19,94.32,0,1,Conditional
1357,100,2026-09-19,99.01,0,0,Pass
1358,81,2026-12-20,100.0,1,2,Conditional
1359,101,2026-11-14,95.58,0,1,Pass
1360,89,2024-12-27,85.24,0,1,Pass
1361,8,2025-10-07,87.97,1,1,Pass
1362,11,2025-11-20,85.2,1,2,Pass
1363,27,2026-10-06,99.36,0,0,Pass
1364,20,2026-12-09,78.97,0,2,Pass
1365,23,2023-10-22,91.18,2,0,Conditional
1366,56,2025-05-12,93.89,0,3,Pass
1367,32,2025-02-19,96.86,2,0,Fail
1368,47,2023-05-21,78.87,1,3,Pass
1369,20,2025-06-04,98.61,0,0,Conditional
1370,7,2024-10-23,81.26,1,1,Pass
1371,55,2023-11-26,99.0,0,0,Pass
1372,117,2023-06-12,77.1,0,0,Pass
1373,4,2026-10-23,76.7,0,0,Pass
1374,84,2024-03-01,79.79,0,4,Pass
1375,77,2026-03-09,94.53,1,1,Conditional
1376,94,2024-01-23,96.72,0,1,Pass
1377,18,2024-12-17,79.91,0,1,Pass
1378,115,2024-05-17,72.59,0,1,Pass
1379,97,2026-01-31,82.16,0,1,Fail
1380,118,2026-09-23,72.17,0,1,Conditional
1381,75,2023-06-22,71.74,0,2,Conditional
1382,27,2026-05-19,74.09,0,0,Pass
1383,70,2023-03-01,77.14,0,1,Pass
1384,18,2024-11-18,84.28,0,4,Pass
1385,41,2024-05-25,70.1,0,4,Pass
1386,24,2027-02-02,81.89,1,0,Pass
1387,65,2024-01-14,91.46,1,3,Pass
1388,63,2025-10-24,72.36,0,0,Pass
1389,88,2026-10-31,85.14,0,0,Pass
1390,92,2026-12-25,89.74,0,3,Pass
1391,21,2026-09-23,89.7,0,1,Pass
1392,64,2023-07-29,96.13,1,2,Conditional
1393,12,2023-03-31,80.34,0,2,Pass
1394,3,2025-06-30,80.86,0,1,Conditional
1395,4,2023-06-16,93.77,1,0,Pass
1396,55,2025-10-07,87.36,0,0,Pass
1397,18,2024-02-17,88.07,0,1,Fail
1398,112,2026-02-25,88.8,0,0,Conditional
1399,12,2027-02-01,75.33,1,2,Pass
1400,87,2023-03-24,77.06,0,3,Pass
1401,108,2025-11-30,93.36,0,3,Pass
1402,44,2025-11-13,80.47,1,1,Pass
1403,7,2024-10-23,100.0,0,2,Pass
1404,35,2024-08-20,100.0,0,1,Pass
1405,104,2024-10-26,74.7,0,0,Pass
1406,31,2027-01-08,92.08,0,0,Fail
1407,25,2023-10-05,82.37,0,0,Pass
1408,57,2026-07-04,93.85,1,1,Pass
1409,90,2026-08-21,79.52,1,1,Conditional
1410,83,2024-06-12,68.91,0,1,Pass
1411,33,2023-04-11,79.26,0,2,Pass
1412,115,2026-11-19,100.0,0,4,Conditional
1413,27,2026-04-18,99.15,0,0,Conditional
1414,54,2027-02-03,81.32,0,1,Pass
1415,64,2024-10-21,86.11,1,5,Pass
1416,56,2024-07-23,96.8,0,0,Pass
1417,63,2023-02-16,96.25,0,0,Pass
1418,13,2026-01-22,91.2,0,2,Pass
1419,119,2025-04-11,88.99,0,2,Pass
1420,80,2026-02-20,83.81,0,0,Pass
1421,119,2026-02-17,97.83,0,1,Pass
1422,15,2024-06-03,85.6,0,0,Pass
1423,22,2026-11-16,83.52,0,1,Pass
1424,40,2023-01-25,76.09,0,0,Pass
1425,92,2026-11-12,100.0,0,0,Pass
1426,46,2023-03-25,86.03,0,0,Pass
1427,60,2025-10-09,79.55,0,0,Pass
1428,84,2023-06-29,81.15,1,0,Pass
1429,6,2025-11-07,100.0,0,1,Pass
1430,95,2023-06-27,97.42,0,0,Pass
1431,41,2027-01-27,87.35,0,0,Pass
1432,101,2024-06-22,88.89,0,1,Pass
1433,15,2023-02-04,81.7,0,1,Pass
1434,95,2024-10-01,85.34,0,0,Pass
1435,78,2025-03-16,91.17,0,3,Pass
1436,33,2024-01-24,84.72,0,2,Conditional
1437,1,2026-04-07,86.55,1,3,Pass
1438,9,2024-01-01,89.47,0,1,Pass
1439,11,2025-11-26,71.85,0,0,Pass
1440,82,2023-07-31,71.66,0,0,Pass
1441,5,2023-05-17,88.41,2,2,Conditional
1442,59,2023-08-28,85.74,0,1,Pass
1443,41,2025-04-15,78.03,0,0,Pass
1444,34,2025-02-11,75.29,0,0,Pass
1445,114,2026-05-26,79.96,0,1,Pass
1446,60,2026-04-20,86.22,0,0,Pass
1447,28,2024-05-27,79.46,0,1,Conditional
1448,90,2024-09-28,100.0,0,2,Pass
1449,73,2024-11-29,77.83,1,0,Pass
1450,7,2025-03-27,87.92,0,0,Conditional
1451,9,2025-05-29,83.68,0,0,Pass
1452,81,2025-03-23,100.0,1,0,Conditional
1453,13,2026-05-22,83.71,1,0,Pass
1454,87,2025-10-12,69.02,0,1,Pass
1455,19,2025-12-26,93.83,0,1,Pass
1456,119,2023-09-05,100.0,0,4,Conditional
1457,26,2026-10-04,81.42,0,2,Pass
1458,2,2023-03-05,100.0,1,3,Pass
1459,85,2023-11-20,74.36,1,0,Pass
1460,32,2023-10-03,94.38,0,5,Pass
1461,44,2023-06-21,74.4,1,1,Pass
1462,88,2023-02-10,88.38,1,2,Pass
1463,62,2023-11-10,100.0,0,0,Pass
1464,3,2024-04-19,94.93,0,2,Fail
1465,36,2023-07-04,78.52,1,0,Pass
1466,15,2026-07-23,68.13,0,1,Pass
1467,85,2025-08-26,92.57,0,0,Fail
1468,70,2025-12-09,82.14,1,2,Pass
1469,92,2025-09-10,90.81,1,0,Pass
1470,66,2024-07-03,92.96,0,2,Pass
1471,74,2025-02-21,95.44,0,1,Pass
1472,82,2024-09-18,92.76,0,0,Pass
1473,43,2023-02-28,74.49,0,1,Pass
1474,84,2025-01-16,93.31,1,1,Pass
1475,21,2024-03-11,99.3,1,2,Pass
1476,45,2027-01-28,90.16,0,1,Pass
1477,51,2023-08-14,82.33,0,0,Conditional
1478,85,2024-04-07,86.15,0,0,Pass
1479,75,2023-05-31,83.11,1,1,Pass
1480,95,2023-06-14,66.28,0,1,Pass
1481,55,2025-11-14,79.59,0,0,Pass
1482,5,2023-01-18,90.19,2,0,Pass
1483,78,2025-05-08,88.14,0,1,Pass
1484,65,2026-07-13,99.88,0,3,Conditional
1485,58,2024-04-24,78.91,0,0,Pass
1486,63,2024-04-17,72.97,0,3,Pass
1487,12,2023-10-29,99.8,0,0,Pass
1488,23,2026-05-26,93.26,0,1,Pass
1489,74,2026-08-05,78.07,0,1,Pass
1490,94,2026-03-10,89.29,1,4,Pass
1491,66,2025-04-29,90.92,0,1,Pass
1492,59,2025-10-16,86.1,0,2,Pass
1493,112,2026-04-02,95.84,0,0,Conditional
1494,66,2023-07-26,86.66,0,2,Conditional
1495,9,2023-01-30,84.21,0,0,Conditional
1496,68,2025-01-18,87.0,0,1,Conditional
1497,89,2026-11-22,76.79,1,1,Pass
1498,100,2024-12-08,98.27,1,0,Pass
1499,88,2023-05-29,72.54,0,3,Pass
1500,24,2025-07-04,98.03,0,0,Pass
1501,10,2024-06-25,88.06,1,0,Pass
1502,92,2025-11-26,83.64,0,1,Pass
1503,82,2026-09-25,100.0,0,2,Conditional
1504,51,2023-07-28,83.57,0,3,Pass
1505,59,2023-06-28,68.6,0,1,Pass
1506,119,2024-04-21,83.59,0,2,Pass
1507,74,2024-09-26,83.95,0,0,Pass
1508,95,2025-05-25,71.04,1,0,Pass
1509,117,2025-12-12,81.16,0,2,Pass
1510,74,2027-01-06,86.99,0,0,Pass
1511,57,2025-12-02,88.23,3,0,Pass
1512,105,2025-06-07,88.8,0,2,Pass
1513,34,2026-12-14,85.78,0,1,Pass
1514,35,2026-08-05,91.23,0,2,Pass
1515,27,2025-10-02,92.51,0,1,Pass
1516,112,2024-10-26,96.28,0,0,Pass
1517,41,2024-09-12,74.52,0,3,Pass
1518,98,2025-02-08,97.79,0,4,Pass
1519,7,2026-06-28,84.34,0,2,Pass
1520,110,2023-09-01,82.96,0,3,Pass
1521,90,2025-01-07,85.3,0,1,Pass
1522,27,2023-11-15,84.5,0,0,Pass
1523,9,2026-02-24,80.67,0,0,Pass
1524,49,2025-05-07,100.0,1,2,Pass
1525,56,2023-05-05,97.5,1,0,Conditional
1526,107,2023-02-28,90.81,0,3,Pass
1527,17,2026-04-08,100.0,0,0,Pass
1528,101,2025-05-07,99.58,0,0,Pass
1529,39,2023-02-14,88.63,0,2,Pass
1530,34,2025-11-04,89.06,1,1,Pass
1531,57,2026-05-24,88.77,0,2,Pass
1532,99,2023-05-01,78.33,0,1,Pass
1533,50,2026-06-12,83.61,0,0,Pass
1534,71,2024-09-15,77.86,0,2,Pass
1535,120,2023-02-23,69.86,2,1,Conditional
1536,113,2026-06-14,88.25,0,1,Pass
1537,94,2026-07-10,94.76,0,1,Pass
1538,1,2025-08-28,87.16,0,1,Pass
1539,47,2026-08-11,75.51,1,3,Pass
1540,65,2026-10-17,97.63,1,3,Fail
1541,79,2024-11-07,85.85,1,1,Pass
1542,92,2023-05-21,84.17,0,1,Pass
1543,55,2026-10-07,95.87,1,1,Conditional
1544,111,2023-07-29,69.73,0,1,Pass
1545,65,2024-01-30,93.21,0,1,Pass
1546,52,2023-07-23,98.97,0,0,Pass
1547,21,2024-04-14,86.74,0,1,Pass
1548,15,2026-07-20,82.54,0,3,Pass
1549,4,2023-01-07,82.09,0,0,Pass
1550,115,2026-10-25,83.69,0,2,Conditional
1551,11,2025-03-30,83.26,0,1,Pass
1552,8,2024-12-11,75.28,0,4,Pass
1553,14,2025-11-10,80.12,0,2,Pass
1554,114,2026-03-28,88.89,0,3,Pass
1555,71,2024-08-01,81.69,0,0,Pass
1556,51,2023-08-31,71.36,0,1,Pass
1557,27,2023-02-11,88.75,0,0,Pass
1558,26,2025-01-01,83.49,0,0,Pass
1559,39,2024-08-11,90.66,0,2,Pass
1560,91,2023-06-01,89.48,0,1,Pass
1561,105,2023-08-05,86.01,0,1,Pass
1562,2,2024-10-01,84.92,0,0,Pass
1563,62,2023-09-30,90.14,0,3,Conditional
1564,112,2023-07-24,83.56,0,1,Pass
1565,18,2026-03-05,88.72,0,2,Pass
1566,84,2026-09-25,81.29,0,0,Pass
1567,41,2025-09-11,91.12,0,2,Conditional
1568,92,2023-03-14,90.46,0,1,Pass
1569,51,2025-10-26,98.79,1,0,Pass
1570,3,2026-01-31,78.67,0,3,Conditional
1571,59,2026-05-13,98.0,0,0,Pass
1572,78,2023-08-12,85.62,0,2,Pass
1573,106,2023-06-06,100.0,0,1,Pass
1574,111,2024-02-21,80.68,0,1,Pass
1575,98,2024-04-01,93.08,0,1,Pass
1576,84,2026-06-19,89.16,0,2,Pass
1577,15,2023-03-17,83.35,0,4,Pass
1578,100,2023-03-23,84.87,1,0,Pass
1579,55,2025-12-11,98.65,0,2,Conditional
1580,54,2026-02-09,78.77,0,1,Pass
1581,29,2026-02-06,86.81,1,1,Pass
1582,31,2026-01-13,100.0,0,1,Pass
1583,10,2024-09-23,95.75,0,1,Pass
1584,59,2024-07-20,100.0,0,2,Conditional
1585,47,2023-09-07,83.4,0,1,Fail
1586,48,2024-02-13,91.43,0,0,Conditional
1587,74,2024-06-23,70.34,0,1,Pass
1588,71,2024-04-06,88.16,0,1,Conditional
1589,114,2024-05-10,83.25,0,4,Conditional
1590,108,2023-04-06,97.07,1,1,Conditional
1591,67,2023-03-26,84.21,0,1,Pass
1592,107,2024-06-26,100.0,0,0,Pass
1593,81,2027-01-26,85.11,0,2,Pass
1594,7,2026-06-08,100.0,0,1,Pass
1595,19,2025-12-27,93.23,0,1,Pass
1596,76,2024-04-09,89.12,0,3,Pass
1597,115,2024-09-26,95.55,1,0,Pass
1598,60,2026-01-30,98.54,0,1,Pass
1599,28,2024-09-10,74.51,0,1,Pass
1600,66,2026-04-03,78.14,1,1,Conditional
1601,64,2026-05-31,98.43,0,2,Pass
1602,74,2024-05-07,73.46,0,3,Pass
1603,57,2026-08-28,89.56,0,0,Conditional
1604,67,2026-07-19,91.08,1,1,Conditional
1605,73,2025-05-13,87.13,0,0,Pass
1606,17,2026-03-12,90.87,0,1,Pass
1607,43,2023-11-08,90.1,0,1,Pass
1608,82,2025-03-14,73.72,0,0,Pass
1609,16,2024-04-02,78.77,0,0,Conditional
1610,34,2023-05-24,60.72,0,2,Conditional
1611,107,2024-09-20,73.76,1,0,Pass
1612,87,2023-11-12,85.47,0,1,Conditional
1613,47,2025-05-03,100.0,0,1,Pass
1614,34,2023-02-12,95.87,3,2,Pass
1615,105,2025-12-10,84.04,0,1,Pass
1616,119,2026-05-19,85.31,1,0,Pass
1617,74,2023-03-16,88.79,0,0,Fail
1618,100,2025-03-29,100.0,1,2,Pass
1619,73,2026-04-12,84.66,0,3,Conditional
1620,102,2023-03-26,85.08,0,1,Pass
1621,14,2024-02-03,80.33,0,2,Conditional
1622,39,2023-03-16,73.04,0,1,Pass
1623,66,2025-12-22,88.01,0,0,Fail
1624,82,2025-08-16,91.01,2,2,Pass
1625,116,2024-06-03,81.18,1,0,Pass
1626,102,2025-05-10,95.83,0,1,Pass
1627,52,2025-12-01,85.65,0,0,Fail
1628,38,2023-07-09,86.96,0,0,Conditional
1629,92,2025-11-06,95.42,1,3,Pass
1630,19,2024-12-25,76.91,0,2,Pass
1631,69,2024-08-07,94.76,0,1,Pass
1632,75,2024-07-18,77.93,0,1,Pass
1633,116,2024-04-01,90.26,0,0,Conditional
1634,25,2023-12-17,86.0,0,1,Pass
1635,47,2025-08-25,94.48,0,3,Conditional
1636,98,2026-04-20,74.0,0,2,Conditional
1637,8,2025-02-10,74.56,0,2,Conditional
1638,2,2023-09-23,93.29,1,3,Pass
1639,93,2026-11-22,70.72,0,1,Pass
1640,80,2023-01-15,79.9,0,1,Pass
1641,62,2025-12-08,89.0,0,2,Conditional
1642,66,2024-02-03,94.2,0,2,Pass
1643,78,2024-03-21,79.0,0,4,Pass
1644,7,2025-02-15,75.93,0,1,Conditional
1645,61,2027-01-11,86.76,2,1,Pass
1646,2,2024-10-13,78.12,1,0,Pass
1647,103,2025-07-01,89.63,0,5,Pass
1648,109,2023-07-16,88.81,0,0,Pass
1649,105,2023-09-10,80.19,0,0,Pass
1650,87,2025-08-12,87.24,0,0,Conditional
1651,18,2026-07-02,75.71,0,1,Conditional
1652,44,2025-11-21,92.15,1,1,Pass
1653,80,2024-10-18,87.98,0,1,Pass
1654,56,2026-01-02,80.23,0,1,Conditional
1655,112,2026-05-13,96.79,0,0,Pass
1656,58,2026-11-17,86.67,0,1,Pass
1657,96,2024-11-17,93.68,0,2,Pass
1658,94,2024-05-10,99.9,0,0,Pass
1659,57,2026-12-14,88.56,0,2,Pass
1660,88,2024-09-19,90.49,2,1,Pass
1661,47,2025-02-23,87.46,0,0,Pass
1662,70,2026-03-10,79.41,0,1,Pass
1663,69,2025-09-07,100.0,2,1,Pass
1664,71,2025-03-16,94.54,0,1,Pass
1665,99,2026-06-19,94.65,0,0,Conditional
1666,41,2027-01-11,71.1,0,2,Pass
1667,30,2023-12-19,82.52,1,2,Pass
1668,33,2024-08-14,75.79,0,0,Pass
1669,23,2024-03-18,80.86,0,0,Pass
1670,52,2025-04-13,73.78,0,0,Pass
1671,46,2023-07-18,88.49,0,2,Pass
1672,24,2025-02-09,100.0,0,3,Pass
1673,105,2023-06-04,88.47,1,0,Pass
1674,95,2025-04-27,84.73,0,3,Pass
1675,97,2025-03-06,81.62,0,1,Pass
1676,120,2023-05-23,89.66,0,2,Fail
1677,27,2023-02-09,85.08,0,5,Pass
1678,34,2025-01-11,86.14,0,1,Conditional
1679,15,2026-12-02,91.45,0,2,Pass
1680,48,2023-03-26,84.55,1,3,Pass
1681,60,2024-09-17,85.75,0,4,Conditional
1682,49,2025-10-08,74.64,0,0,Pass
1683,103,2023-10-26,83.67,0,1,Pass
1684,3,2025-09-08,92.66,0,1,Pass
1685,26,2025-02-24,100.0,0,0,Conditional
1686,51,2027-01-22,96.99,1,1,Pass
1687,66,2024-09-23,78.37,0,0,Pass
1688,105,2023-07-25,80.64,0,0,Conditional
1689,59,2026-05-21,67.95,1,2,Fail
1690,22,2025-07-04,72.75,0,3,Pass
1691,20,2023-02-11,100.0,0,1,Conditional
1692,9,2025-11-26,95.73,0,1,Pass
1693,61,2025-03-24,85.27,1,2,Pass
1694,36,2026-03-08,89.11,0,1,Pass
1695,14,2026-01-02,79.62,0,2,Pass
1696,28,2024-12-17,76.22,1,1,Pass
1697,4,2024-06-10,98.86,0,0,Pass
1698,41,2026-12-09,93.04,0,1,Pass
1699,5,2025-04-28,86.48,0,0,Conditional
1700,81,2025-04-06,93.54,0,2,Pass
1701,64,2024-10-18,91.61,0,1,Pass
1702,57,2025-10-26,84.61,2,0,Pass
1703,37,2025-12-30,73.17,0,2,Pass
1704,62,2026-04-28,79.49,0,4,Conditional
1705,21,2023-01-27,83.79,1,1,Pass
1706,57,2026-04-20,93.56,0,2,Conditional
1707,94,2026-10-23,100.0,0,0,Conditional
1708,112,2026-11-13,87.51,0,0,Conditional
1709,88,2024-08-14,100.0,0,1,Pass
1710,26,2023-04-28,90.38,0,0,Pass
1711,77,2024-04-08,83.06,0,3,Pass
1712,49,2023-02-01,84.0,0,0,Conditional
1713,9,2025-02-06,91.16,0,0,Pass
1714,107,2025-05-23,79.03,0,0,Pass
1715,109,2026-04-12,99.6,0,1,Fail
1716,54,2023-10-25,86.28,0,0,Pass
1717,39,2026-11-04,84.68,0,0,Conditional
1718,72,2024-09-07,85.77,0,4,Pass
1719,24,2026-03-11,84.98,0,2,Pass
1720,86,2023-03-29,82.56,0,0,Conditional
1721,69,2023-09-05,81.23,0,1,Conditional
1722,102,2026-10-07,92.3,0,1,Pass
1723,72,2025-01-02,87.15,0,0,Conditional
1724,101,2026-03-18,90.19,0,1,Fail
1725,59,2027-02-07,85.82,0,2,Fail
1726,86,2025-10-12,91.5,0,2,Pass
1727,18,2024-10-26,98.67,1,0,Conditional
1728,105,2023-03-30,93.17,0,1,Pass
1729,58,2023-03-23,79.2,0,1,Pass
1730,31,2023-07-20,92.56,0,0,Pass
1731,9,2026-01-10,88.44,0,0,Pass
1732,31,2025-05-20,97.68,0,0,Conditional
1733,97,2024-05-26,67.9,0,0,Pass
1734,35,2023-07-23,83.5,0,2,Pass
1735,40,2025-11-10,99.53,1,0,Pass
1736,119,2026-11-14,86.08,0,0,Pass
1737,60,2023-04-07,92.53,0,0,Pass
1738,5,2026-07-08,77.47,0,0,Pass
1739,36,2025-08-31,89.61,0,0,Pass
1740,14,2026-10-01,65.96,1,0,Pass
1741,10,2025-06-12,90.23,1,2,Pass
1742,117,2025-06-13,83.99,0,3,Pass
1743,9,2026-04-21,91.21,0,0,Pass
1744,104,2026-09-29,73.15,2,0,Fail
1745,75,2023-03-11,63.7,1,1,Pass
1746,13,2027-01-13,71.44,0,1,Pass
1747,24,2023-08-13,76.85,1,0,Pass
1748,100,2025-03-13,83.35,0,1,Conditional
1749,67,2024-04-23,91.84,0,0,Conditional
1750,1,2024-11-24,75.75,0,2,Conditional
1751,109,2025-05-06,86.7,0,1,Pass
1752,64,2026-08-17,100.0,0,2,Pass
1753,59,2024-03-13,95.43,0,3,Pass
1754,112,2024-12-19,89.02,0,5,Pass
1755,47,2024-04-24,87.21,1,3,Pass
1756,100,2024-10-24,90.11,0,3,Pass
1757,65,2023-07-23,99.5,1,2,Pass
1758,43,2027-01-27,90.2,0,1,Pass
1759,64,2023-11-30,82.87,0,0,Pass
1760,53,2025-11-17,87.45,0,1,Pass
1761,4,2026-05-04,87.6,1,0,Pass
1762,15,2026-12-31,80.56,0,0,Pass
1763,108,2026-03-09,79.55,0,1,Fail
1764,4,2025-12-13,100.0,1,2,Pass
1765,50,2026-11-23,88.97,0,0,Pass
1766,100,2026-01-28,65.76,0,2,Conditional
1767,12,2025-09-27,100.0,1,0,Conditional
1768,2,2024-05-24,77.45,0,2,Pass
1769,89,2023-06-15,91.26,1,2,Conditional
1770,85,2026-07-12,87.1,0,0,Fail
1771,62,2023-06-23,73.73,1,2,Pass
1772,33,2024-03-04,82.55,1,2,Pass
1773,29,2024-10-01,87.53,0,2,Fail
1774,99,2025-01-01,100.0,0,0,Conditional
1775,11,2026-01-18,84.98,0,0,Conditional
1776,77,2025-05-08,81.99,0,0,Pass
1777,45,2023-12-26,86.17,1,2,Pass
1778,59,2026-02-15,90.17,0,5,Pass
1779,106,2024-02-14,88.34,0,1,Pass
1780,77,2024-10-14,95.5,0,1,Pass
1781,53,2025-01-06,79.05,0,3,Pass
1782,40,2023-10-25,78.6,0,1,Pass
1783,92,2025-08-12,79.3,0,2,Conditional
1784,41,2025-06-13,94.96,0,0,Pass
1785,22,2026-11-18,87.45,0,1,Pass
1786,66,2024-05-18,96.7,0,2,Pass
1787,83,2026-09-07,89.69,0,0,Pass
1788,68,2025-02-07,95.88,1,4,Pass
1789,107,2024-08-27,78.49,0,0,Pass
1790,114,2025-03-18,92.95,0,2,Pass
1791,77,2024-03-16,100.0,0,0,Pass
1792,114,2023-08-25,92.59,0,2,Conditional
1793,27,2025-04-24,79.58,0,2,Conditional
1794,10,2025-07-31,98.52,0,0,Conditional
1795,78,2024-09-27,100.0,0,0,Pass
1796,119,2023-12-09,85.41,1,2,Pass
1797,82,2023-01-24,100.0,1,2,Pass
1798,93,2024-03-28,83.42,1,0,Conditional
1799,44,2026-05-09,85.4,0,0,Pass
1800,59,2025-08-23,90.85,0,1,Pass
